Region_0,Region_1,Region_2,Region_3,Region_4,Region_5,Region_6,Region_7,Region_8,Region_9,Region_10,Region_11,Region_12,Region_13,Region_14,Region_15,Region_16
-0.7891487271091006,-1.9581724527223827,0.05096464084477951,-1.4543529079342488,-1.3807143473852668,-0.718247293066187,-1.3788357781277387,-0.9414833116391383,0.6975832355986633,0.5286393298463989,0.27562772703414,-0.019613045359700612,0.5234905023026667,-2.547899869468526,0.20901676983949982,0.3466135155052156,-0.7469706087781606
0.6870129305526312,0.755025425917095,1.7209263225127844,0.29469089464868076,1.2041859545500893,0.29789415464393615,0.5685912835293352,-0.6200997870023008,0.17278056784078338,0.5430416651444105,1.7596028265912527,-0.11903039915061324,0.3848507877329997,1.5206206368696253,0.15032666946508413,1.3786022334451975,-0.2990054472509037
-0.8718362201112676,-0.5059985446940674,-0.2263160799063122,-0.576167848798494,-0.9644299146238451,0.7122598021690424,-1.2363784892547762,-0.8288342865443502,1.4227077477428913,-0.8345162178904687,-1.0675152764551628,0.1261060474456549,0.08177857571035564,-1.3274792337836745,-0.1479890252779286,0.1898024537860561,-0.9457674853823265
-0.8912611480019711,-1.1068972946552245,-0.9403883066943112,-0.9381479851847728,-1.7364879566863747,-1.3581500377492695,-1.294950891177978,-0.8936879939071215,0.5041784787228301,-0.20614262171726752,0.6014572071954477,0.17642027286261686,0.2259003815129608,-1.0062444489368594,0.31594708454961834,0.6261045816505649,-0.587249418906105
0.22885711042617718,-0.9548489090858939,-1.1302099250424635,-1.6081385034355271,-0.48059787044898766,0.4594551800443191,-0.60549808024548,-0.16005379931691593,-0.19895881144453534,-0.12450288249799622,0.7486713540914252,-0.8741911498117221,0.39016122945466736,-0.7891756534912022,0.16907977650335987,0.3703005865837183,-0.04944956224316012
1.029747899438672,0.20360532129095515,0.44131027300348735,1.0136181199993293,0.21448815620469502,-0.31819179463568925,0.24271369529338013,-0.29352323388859425,0.7078843975593974,2.011421174943727,-0.17375086066728285,0.27611326922702567,2.1048999687602494,-0.49591296296337795,-0.045036533959591216,0.8446521086811696,0.9838062904166843
-1.0546098778338424,-0.23785334751634543,1.0809935734369285,0.5646594487517843,-0.2705100506806001,0.8094805899408613,1.366619972483309,0.4469092188333251,0.04631628287227525,0.797190476337771,1.575740617050216,-0.0972566542286524,1.6285387826679194,-0.861374779195858,-0.08591316676203883,1.02294140144641,1.8674419837192453
0.4105073716877756,0.7482421160443173,-0.49898279322014466,0.3466996631787945,0.8763936978881839,-0.5034421704948682,0.6536055573269267,0.7444167617683674,0.2697531165005383,0.2820571346877358,-1.221447870818193,0.015564985000784966,0.2370619960735612,0.41533993667867247,-1.1516452887665967,-0.5705663023720533,-0.058758338364578756
1.6965096793940857,0.4760732933098647,2.9645815382050507,-0.06575805066168335,2.159704929547639,2.8038268066716787,0.03246960040557034,-1.375276765087566,0.17510794593035034,1.8263315721609208,0.4298119480563357,0.4235701971551701,-0.08724531557131578,0.4013504968427661,1.8650372485503524,0.9911925484742038,0.7112680438310667
0.9224517923145145,-0.19314286642325956,0.009382052046209514,0.5640692987538553,1.027950794963873,0.9722082970599087,0.5100773851084587,-0.33482636691851614,1.9902942542339381,-0.02158170593312678,-1.3968425867922063,0.8270363691153091,0.435545463226067,-0.36595717298124836,-0.5667406738233376,-0.09619143260880703,-0.14375400185649506
0.22174153623540618,-0.9862825520406423,0.9733297000043392,-1.0905472324154637,1.5528432022239709,-0.2860762686320597,-1.255910627092546,-2.624788884601647,0.48783961416950283,-0.888856000679467,-1.8844179624512574,-0.7178655807031146,-0.9931176622082227,-0.3703278425110575,-0.021074771844244933,-0.532620425437784,-0.4512439192437045
0.4836393252143955,-0.6802132096313477,0.953850586086257,-0.485733391942491,1.9463108781681162,1.3786907630714362,0.3421685512747381,-0.7518959575568541,-2.249510131985294,1.9589553366221621,-0.29025394219735506,-0.22557632204339,-1.5856258774120147,-0.8711910748416953,0.17951947006387797,-0.6813217997702865,-1.5437974107141978
0.9478519584785478,1.1651327882575444,-0.21375920208674357,1.0021721917416657,1.3679264814434042,0.4186715733937392,0.9279046069150997,-0.37143315674792254,0.24270793954289424,-0.26408828186209515,-1.0817263080344677,0.11617412907688716,-0.8240032252016145,1.4747739641941586,-0.7368098165206545,-1.5414032228304098,-1.4160100947142489
-0.13461021104323356,-0.13960413868804533,-1.144680536514913,-0.7778357689974483,-0.31866300930086877,-1.1313231817330092,-0.763548376364135,-0.5695462668539912,0.10320998084749686,0.6294439747514723,-1.8543765585029677,-1.491299609863112,-1.0719555682851267,-0.18984460590709792,-1.881873313469758,-1.9149221717566098,-0.9220764768366118
-0.47187020475347463,-0.8761596805955428,-0.6151819212116818,-0.1522358473954312,-0.13501366141520763,-0.26411442933915436,-0.05364885046042998,0.6076969875889409,-0.7495104614153589,-1.3768215503207881,-1.7608313704979097,0.5861678323724109,-0.6003886222900428,-0.32955586372580337,-2.203808691058608,-2.0843531988487647,-0.723218806670913
-2.7349197301937602,-0.75555552427302,-2.13396401178541,0.17710359809619394,-1.9784511206575661,-1.473500291998373,0.07670852110817214,-0.3881925657388529,1.088210829738644,-0.9107506187292491,0.7087424587271308,0.04068186649732879,-1.3983372396304725,-0.7380974045834053,-0.757511829898083,-0.7150562334151992,0.9845260130551333
-0.7091220408959842,-0.17840214352852257,-1.3611860690599078,0.9542262041166013,-0.03415931361984314,-0.15728523485919862,1.679355242179145,1.8049323499346384,1.346363315011472,-0.5602679981805426,0.3131001595981954,0.5733505777980596,0.3463792571537586,1.1485537450998033,-0.5379435210628648,-0.8185252312852277,0.3726931409851736
-0.7193685814845289,0.5632816498229692,-1.2661827675906854,0.9726399416138488,-0.36136650331880793,-0.3168558979275136,0.7747619546152061,1.5850462938349406,-0.6803538418688466,1.2047076880555712,0.12488498384589891,0.545498045708792,-0.44980928450434593,1.0519999876795796,1.0923777621866382,-0.014220684163703055,0.6641441702787273
-1.076863157329022,-1.3229158227329485,-1.9680138137138692,-1.3036918814044973,-3.111501878768563,-1.949729554198611,-0.2609266279155453,1.052765177476821,-0.7033171675510486,-2.1248509097243824,0.08932725136051636,-1.0968410115701517,-1.6597393400272749,-0.927153105806992,0.8407373282167452,-1.619567377621394,-1.4661259342787412
0.5929791175299755,0.5165512531787897,0.6311586398185701,-0.7577516020311728,-0.2425784540332895,0.4224925542307648,-0.4248758136906105,1.5273923760202124,-0.363658498860542,-2.0018556953909385,0.4043876564694657,-0.428400967529918,0.3755816546987569,-0.11451652459176906,1.8702640641937167,0.26245780701386956,-0.7181604200650461
-0.5137329134534724,2.7849958734234233,-0.30850798825930864,1.6527665246912284,-0.8254691357135121,-0.1998776659697957,0.3175191185021649,0.48173146959197755,-0.9377137329221142,2.2428403247520983,1.3054808552011945,-0.27250574489613777,1.5444762750063226,1.2614763635118063,0.782327858642589,0.45691004734633456,1.1081286479282568
-0.6251371096520587,-1.0006582393480397,0.9607110888676895,-0.15471082340935507,-1.40233719228289,-0.4518717762824538,-0.1308273862491071,1.3438733845715258,-3.3164702810006665,-2.356925527140833,-1.5526835585059773,-0.7461689299782328,0.1249377148532773,0.12584573492755052,-2.3547721220809272,-1.5229111490934328,-0.8488873209426421
-0.24604089124789577,1.2817482466853465,-0.6128415879679758,1.0940854504795419,-0.8744896060050288,-0.7094609237407986,1.8108135914147852,1.8397043596355296,1.0369584528558848,-0.9211522471372915,0.2065392772820854,0.511862375652667,-0.15923533486710223,1.7097289183432363,0.9291751048070916,0.5762917157320158,0.9652459372361997
-1.7183642274093889,-0.21941005123609478,0.022128801390295258,0.0838341360914862,-1.558340927936133,-1.453478359744457,-0.6386957845916117,-0.07429083665688752,-1.0500168923596778,-0.03359522899802493,-0.7556333663391444,-0.8386254141958244,0.17959735229390264,0.22551451583971052,-1.0872353478492078,-0.3520141056677495,0.8524207628548712
1.0648512536832193,1.8816193105890144,-0.4050114520454956,1.195708798397744,0.2981866244437739,-0.5768389169714881,0.02685688035954889,-0.00971874852196485,0.4344867106061855,-0.40405563030598984,0.7848876470617739,0.7693526102957179,1.1881397245001017,0.4965156672764951,0.10111554525059738,-0.1271364940664041,-0.6485923462667605
0.51856026497386,0.13095525178124232,0.13399182516703084,1.4624421111492187,0.511758237019818,-0.44479730790770267,0.20101483263593395,0.6268069878111937,0.39017988668954273,-0.9648177626113627,-0.11477396635143268,1.4474954915754412,0.2313255237147182,-0.04309166189331491,0.22423756900841643,-0.03531675712942192,-0.22530716027764677
-0.46849248893973955,0.4051540628716282,-1.2150870105057079,1.3098493859467177,-0.7366987989569748,-1.9621890790035958,0.6898081312720991,-0.5222264685574021,0.06269117511321018,-0.1289221863461979,-0.568296544254727,-0.3305135676824267,-0.20581652496272315,0.839986780201235,0.007488194808087731,-0.20450305389391665,1.6685447605150294
0.7081518446809466,1.4954223842935455,1.7170706268376512,1.200305499871108,1.2049981775681249,1.0504329390023452,1.337921091995536,1.5873901444878362,-2.083388507748722,1.1760322535954872,0.15607775266393084,1.032199327539212,1.0391847373251228,2.166594705129736,0.33807259479774915,2.194159518404307,2.3790874828531403
0.7301358474088158,0.8361730310398431,1.1139830751017223,-1.3630101213203367,0.7455658986387628,0.03391170055168792,-1.205453620994693,0.29954479885137386,-0.6880757057255037,0.9234613611074225,0.03768233863238331,0.2819126712292456,1.0855819296847578,1.1190669133342117,1.0581066470304838,1.1486984240496774,2.8222869550356693
-0.4765698803062371,-1.2952720194565783,1.1357902902076111,-2.615068827107132,-0.24715366837831768,0.3313644271052902,-2.1039324701298763,-1.521951673903623,-2.6813693481331944,-0.10218100760124828,-0.2708899315376573,-0.5191264133810137,-0.8550338312313931,-0.6197232034886005,-0.016826335658051784,-0.6960082223662255,-0.7140321111766764
-0.40514237990257435,-0.06100570704015025,-0.361870273560865,-0.6315960675550577,0.5745767549286784,0.3317948052724877,-1.4432747594603668,-0.3862204085562596,-0.7275436579295143,-0.366991336573792,-0.002521672939994539,-0.6047794188751867,-0.5786575641972458,-0.3064483407175673,0.16258455703516436,-0.8430955030505093,-0.17482942204370508
0.8522941599134279,-0.30579118710390213,-0.11735320213525574,-0.21785067021510646,1.3358110910773193,0.6029528546861214,-1.3565204416114278,-1.2698209244166672,1.2351604683200716,1.4091780234419877,1.0403554253456593,-0.19948696058289317,-0.6419017796052501,1.2472996077287264,1.8330476372188296,1.0974488886281135,0.20820964266184844
1.1501513396514587,0.5694144964681801,0.0020204614020522824,-0.7702103431801827,1.229704968795867,1.0307127936667189,-1.3458817393477442,-0.07049992766562026,-0.07635516992034629,0.24257225154238912,1.8596799207982226,0.6405097148748329,0.015336034476355164,-0.21522889911922885,1.2317274558702678,1.4511619060113035,0.20907252094364012
0.7530425144972047,0.711519542460543,0.1044675894088394,0.5927427882197871,0.8128197606344832,1.3205315550999277,-0.11465247900488357,0.14519794329562286,0.661635532261517,-0.3873872140178774,2.7410999180255162,-0.0405785627599656,-0.4068278859076464,-0.09356847652996714,1.6526101573317946,3.2299682145587005,0.32867119124302774
1.6164542862021969,0.5041390810708885,1.287157428945186,0.20503755111724611,1.0365780424140543,1.4780764896486807,0.33890004995962186,0.3955647394652483,-0.5905489844572731,0.5024409783510198,1.4832138415334604,1.3018502605148696,-0.3552080248764484,0.30834551520530945,0.08413807346926512,0.9529703496381624,-0.8644818195997787
1.9166757425177163,1.102663402439261,-0.6730908302285215,0.7672697882873464,0.8637204676217725,-0.051861348197008696,0.6787061851239846,0.01657250509405037,0.07409559268471594,0.05423862180989485,0.07393430565990192,-0.5969137305443766,-0.2807754037331933,-1.3233354848768502,0.014888740175091902,-0.5346204289634323,-0.5783579787163209
0.4926516437369579,-0.32017026614826627,0.4105411491590417,-0.3255378606124781,0.03804811244161732,-0.2534482041030244,1.3675945429518759,0.3642014650267401,-0.6281652906201085,0.28020761663517674,-0.36638855625429795,0.15284765873716857,-0.09325997907543761,-0.5467915447037683,-0.1505737152143291,-0.39696885281863653,-1.2920666400849372
0.7156148016337527,0.8278284237534367,0.6748534606817675,0.4017041797894219,0.860368787799906,1.0748478228413314,1.218066065142001,-0.12264577149601348,0.31062978085829007,0.8458399369826713,0.6212665487961317,1.4890890446882676,0.10609629481268715,0.43476854255706304,-0.9341941956381817,-0.06274251925716569,-0.21100147783618162
-1.1690446763313114,0.41206882922936316,0.762905884679908,-0.17663986159116474,-0.7251461520124862,-0.7905936253885432,0.7056263543342808,-0.4670392607613338,-0.09248626912148691,-2.1776768255023127,-0.045165914824530126,-0.40770536802375246,-0.31769801657497576,0.6760594078640919,-1.191366390774276,-0.5675039401718004,-1.416402543917354
-2.060640933133368,-0.6252215350779932,-0.5802747258846116,0.532171418072845,-1.8137645664222166,-1.1690805993285196,0.89265535060509,0.7170079146306088,-1.335566543325444,-0.26230455923639034,1.674862332181594,-0.3654628521269528,-0.04559584178832735,0.4251901274009362,-0.7537802818642729,-0.388265014150858,-0.12953744924242575
-0.9811189139827113,0.4849846099785275,-0.7160347113618689,-0.3519294928717258,-0.6590844672058989,-0.029453063471168422,-0.5733181571349002,-0.18912301258917877,1.444419180031038,-0.4889112593387449,-0.6735336293809241,0.33339013610085527,0.5336903711549753,-0.09452554986324287,-1.713449620836694,-0.9919368256707549,0.17230626483472583
-0.8994343390394061,-1.5452169630098713,-0.9495880980520857,-0.8433993853804254,-1.01150833855037,-0.12527203014949323,0.24847342563675887,1.4126981535425165,1.4662417887261303,-1.7400029102151875,-0.8448751837132124,-0.13845466050030278,-0.9076039918554217,0.40470338570033043,-2.027665207397911,-1.6178578735702822,-0.6051702100286314
-0.6805641207604667,-1.1233672125682106,-0.27872118731592777,-1.766367416512756,-0.9267405670162778,1.3515244332580396,-0.4104839509935345,0.522011575764953,0.8223532697879289,-1.8268507176190676,-1.2262547019033212,0.565032488548062,0.19421742699196143,-2.097269151437727,-0.9581138082491172,-1.0985727571036112,-1.3014276812782837
0.14601399907572948,0.8408340566912781,-1.0101201858656572,0.6647905947146494,0.24732612625183772,0.068199032885905,0.17125102943095943,1.9303720396211848,1.5966527939136759,0.7990379303020175,0.8086911588790245,-0.3906029949068948,0.6190155479528643,0.6399306707377627,1.0198736308353296,0.6554823712977211,0.7298073533148678
0.18434660341015596,-0.3159019392685989,0.7495717036087807,-0.18716397110383265,0.924986586464693,0.9629228082694246,-0.3648471033627471,-0.38008523077686635,-1.372025485829152,0.6639153751638376,0.20436352727604054,-0.8924997418324521,-0.8487858328864167,-0.5603290950148081,2.1714808910007637,0.5972617199661695,-0.17415243593125806
0.37141238712493113,0.8331850870458912,0.29580526572449045,2.313660230962317,0.7728935217405009,0.612855949547309,1.5638874921917336,1.1872420123579381,1.298044315125678,0.3893032778643162,0.9421235083292172,0.5344724788037071,0.3598171665592584,0.8423464336501255,0.6422912364827573,0.7093126746201537,0.19455146621386424
-1.0898686125605006,-1.2678080550080617,-1.3068353490810192,-1.4329041528531137,-1.125823752789265,-1.3869624394880975,-1.406568233939047,-0.4188726330305346,-0.7060220351306764,-0.14760803895643937,-0.22499817686791898,-0.3842028116131844,0.16849435497693538,-0.6253395290968591,-0.44327364312563733,0.24494379198102165,0.7327161465117736
1.2210736667595248,0.19351826806275454,0.3255749896301481,0.7526032048957144,0.31956476902495773,1.1898946098337817,1.2999025385057434,0.6011071252958332,0.2739330268150744,0.0396333473466651,0.11003744075219704,0.5098074154545172,-0.34868390072546646,0.6439685852524086,1.343777164482945,1.735258780752984,0.5907518744966663
-0.1434963403377919,-1.1299967867863592,0.4374352147654099,-0.7472048992298317,-0.7374935796051189,-0.016758285660681594,0.33321300224553996,-0.5545222850262843,-0.9809510553193846,-1.1838244285299977,-0.668503281894504,-0.6704450599651378,-0.622649882324187,-0.1501109144424626,0.03681381053938937,0.19430280291258503,-0.5004163325592722
0.9201834096087456,-0.4743727572447474,0.8477381501306971,-0.27145807352362333,0.36477310781755345,-0.18260828176024888,-0.5881755037664689,-1.7470923805703749,1.3505153138613293,0.44017776136906234,-0.4438218068125436,-0.6285339330322532,-0.981871360274199,-1.2113912420551995,0.06315905352802655,-0.22626225548371265,-1.046673955120087
2.023835305598406,-0.48608711205754307,-0.22723526760532067,-0.34971651430298706,0.6040234489161675,-1.0976411975382234,-0.4470211729109948,-1.0573762341692385,0.5749377507710398,-0.2747756951856249,-1.0847981073452129,-0.7678925691023075,-0.7790892372558782,-0.4938691023059843,-0.3452758872935514,-0.5283499476248762,-0.5770263457205975
1.0032201228203894,0.7211175372479544,-0.6398505567069013,-0.2502828610914493,1.4912652606081533,0.08762811815971888,-0.9542768027057751,-0.9050415998436878,1.3912429476103525,0.10683476900914497,0.866491434575326,-0.2552399288994649,-0.038416953516328914,-0.017696553518300507,1.2390330903304245,1.197399616174677,1.9343144811361488
0.6182673571176299,0.3871578498581951,2.017944929915129,0.3889475036639671,0.42765149340491176,1.0253680254411017,-0.2035907289953147,-1.027932864594798,0.17467252567077562,0.47816669387437977,-0.06283824609129932,-0.09264356436540074,-0.08470478787581917,1.0024004246240583,0.5917592711648659,0.9334626928773005,2.0825645513749484
-0.24619255876484122,-0.5039930320172704,-0.9833868078390441,1.5673743310638675,-0.781037114903751,-0.0587103108471191,0.8014134535157994,-0.3123378019627334,-0.6867230982435425,0.28090089545551006,0.5043812248668669,0.7818878309728099,-0.45541282270526856,-0.3526287715450676,-0.8068068705557669,0.13677828304812278,-0.6689045246063495
-0.6660596066672549,-0.20672133678078125,1.4818407892012027,1.462771797989513,-0.5963661273799563,0.14510452539619598,0.9825817942246577,0.3925424244309215,-1.008085320717248,-0.22183740781408792,-2.598426379127716,1.670353253669542,1.9956672906423314,0.06755884047080049,-0.7638394643247771,-0.6958439148427443,-0.29014627120935316
-0.8295068853144462,1.8086656786800557,0.18172444358801257,2.4861555074829242,0.05272701449021324,0.2486084174794672,1.1187398412060754,0.28837110798869414,-0.07272436528487264,0.9367108635906944,0.23174734605343292,1.45219935895063,2.054126876955833,1.2923859391048793,-0.29225824554967095,1.1770852043697335,0.43930935487639267
1.0601941423763424,0.2809539728279187,0.05804363858562257,1.2726560667445725,1.1084977678282684,0.5938375234712492,1.4874974121123992,0.4909902151217473,0.603955720008297,-0.47746783611713733,-0.18421389024405913,1.4104985125446805,1.9672116839973766,0.7130475766713251,0.44593646571660944,0.4121140672863351,1.287350569606808
-0.21910603809766324,0.06505575263063894,-1.1754079478856052,0.06063346377129982,-0.46071832477301583,-1.2479476012357826,-0.505145669894039,-0.9414560118399556,1.0684277687852366,-0.3285852887405511,-1.1601291914503458,-1.7211482619173974,-1.1715799380421141,-1.5295840325994827,0.9008615146938329,-0.07732532095865711,-0.10588604460063396
-0.20977231621560308,-0.21491704791639216,0.43751757443333633,0.4408597541108544,-0.02260838371102327,0.4599514204166413,-0.23490626477522186,0.21365672905054306,0.0218699393872476,-0.4552370242494408,1.6024181550538221,-0.14193372179689762,0.17150515098421495,1.0063295056357004,-0.5571256237453454,0.85421674440453,1.7394671087800297
0.5646618172994674,0.3529240615752528,-0.5193551522480372,-1.2679027387645214,0.8332687861309073,-0.9352142485368717,-1.5338750844571154,-1.6794643985189843,-0.4290447449467166,2.4112128798676906,1.5228093629776787,-1.03243500425663,-1.0819011610306422,-0.6856095118370394,2.0685805253327847,1.1580730795538587,1.5167173402605758
1.4264740488915117,0.6903337801278642,0.7829866431430342,0.40720222835439235,1.8816972984494005,0.7434313192189916,-0.8704433931423081,-0.057839122446281144,0.7454839377840005,0.5145106295614782,1.5187113470700453,0.49258653671731345,0.9818381527426003,0.05935835591566039,1.1181576217422016,1.2654834006200353,1.5157514625565771
0.7263070602012798,-0.0009527742415892328,1.0854228749806787,0.19642740813548099,0.9629068840756935,0.20936937450308024,-0.6891311104862505,-1.52035759568489,0.18579846417388585,-0.12548600136253946,-0.9551717890907203,-0.9279646151560738,-1.7972712035048515,-0.2240088490578947,-1.198537970513636,-0.6579704304027324,0.18867055229867616
1.5536801241833118,-0.37348715216571016,0.39530231967546264,-1.1730791591391079,1.4155832551440841,2.2489748243017766,-0.36333908699338446,-0.9702003775625456,0.9959709721715702,-0.24625591173412967,-0.939149936601499,-0.045476530630749135,-0.8771819766949592,-1.6288093443721263,0.11916989236391963,-0.7269221674812821,-2.0296433197258184
0.5265550441623011,0.5555812815603914,-0.14017668427211658,-1.1477569505626473,0.19138482212641167,-0.6424454356171586,-0.28104205258686354,-0.019406500965428192,0.0032086936140516913,1.786654393050857,-0.7540685136819478,-1.1502257114344498,-1.0726744329105258,-0.10962950855579165,1.753647292958826,-0.6069235738575901,0.669312310942008
-1.1633465891364727,-0.9241276121323244,-0.14047568792495496,-1.0742021154343842,-0.9150544985201926,-0.8600097288609521,0.7465478553658301,0.9327482682498667,-1.8654424119157829,-0.5254594337114251,0.3646644916847917,-1.1761834568774265,-1.1434581898135894,-0.026364914368953205,-0.6949623635927755,-1.0718344677867777,-0.6699376657930813
-0.9034921024887859,-1.8540265813667336,-1.496740359303074,-0.4732801276302364,-1.088213269043548,0.21096264252105232,0.5505710017702575,1.2633164706816842,0.7315759233755649,-0.6404819320962278,-1.8307173867444089,-0.09224815983552075,-0.19633940523006166,-0.6485269620629065,-1.500208957602735,-1.2125284060727515,-0.8275078867706496
0.049329871674848653,-0.9961148748897444,0.16067864149292624,-0.1675652799466504,-0.1398475073378978,0.630942313533882,0.6282548546325332,0.8657002479495364,0.353709089501408,-0.33433806710478453,-1.4342203361174544,0.06691220370597149,0.2503248364613109,-0.34708755987363576,0.22512336476848646,-0.4803790193843559,-0.17038163292485464
0.9217688010094486,-0.447530551827223,0.9536251032196935,-0.8776812817285794,0.744001209808564,1.1027344322902277,-0.6761392057553063,0.5360934528874783,-0.8095111116534636,0.814073039047741,-0.08790713143872243,-0.9911170470622486,0.889541596944957,0.24243343722679794,1.0067818702550306,-0.3009992956877871,-0.8828915457737055
-0.6499151410528519,0.6134830171265003,0.9964448700668832,-0.14878163618075071,0.18107062863873646,0.6958339705332929,0.701932881384844,1.1465990304568818,0.04724355048082044,0.41458696467523465,0.5735522525069066,0.5852179993558195,0.7553549731927851,0.39845758383441565,-0.38444860228556604,-0.07694410901454396,-0.9949905934453062
-1.3386774480100774,-0.9003864663728466,1.0293473849338828,0.8802916082368217,-0.73132321264423,0.33543974764435636,0.8475275152452451,0.6467728484901258,0.6239342447206784,-0.28214925577905775,1.2535384812800419,0.8842088807300089,0.4001508255386265,0.21269945771358906,-0.663325332092742,-0.2186437438389184,-1.2675284153924313
-1.1265399997308636,0.9162013979576972,-0.06134168346518507,1.0841149323084938,-0.4861968420854392,-0.16621953061727962,0.2886970049220102,1.3478805173152868,0.6830723694784376,-0.5073641645314325,1.5057681603187671,1.1996190832237537,2.162162628867998,0.2490557160045778,0.7760198294819729,1.6354110107836384,0.5461212640830341
-0.9681858096637614,-0.6297773530183518,-0.47825206319405855,-1.0066545998697394,-0.7103331110870799,-1.2744776289214725,-1.4277327648664628,-0.11337449839311782,-0.046747263881843,0.4957589353216772,-0.666855149515107,-0.42209348711323647,0.7346041975806248,0.07392053815016705,-0.05136567875828878,-0.1185767470997973,1.2366679809601264
-2.2415434463781803,0.17605900707056144,-0.3094205842600631,-0.3660139412614914,-0.8635510829332426,0.31175337390211266,-0.488009638172081,0.28878904110781023,-1.1655418240953748,-0.033311094723269784,0.9208339552946848,0.18350366365678947,0.34377992067968344,0.07277889515839363,-0.9588867632241747,0.8362387075262459,0.27821436441267056
-1.3375330261686897,-1.1938160756380511,-0.6048883174442934,-0.5027256984768381,-1.566773383605661,-1.9719182562634117,-0.03547244659278792,-0.41922525935367283,-1.0651909785123737,0.2336734304827548,-2.0166695597595767,-0.20467234557793837,0.3124507299626138,-1.2716994001328021,-1.1523622888441312,-0.7515743924211586,0.22097774831345202
-1.1149427077049894,-0.8646822704587863,-0.8149008568042972,-1.3580395763079027,-1.0868925544186014,-1.7650950055905446,-1.7476070726821626,-1.2104520902889297,-1.4918063607234293,2.2535962556410687,-0.3206621061659289,-0.5568248175862331,0.257923874583388,0.6904747997086418,-0.29497627399571397,-0.5590728672446408,0.5791945326937855
1.0052555847806348,0.2708203132329052,0.5850031056009364,0.13847962500040184,0.6584137782719012,0.571236975314319,-0.5853485078993487,-0.8194350580290808,0.5994599262076252,0.1481376440203826,1.078443860417488,1.2702418389155292,1.546896010024612,-1.2426325520967887,-0.32529401209338515,0.5245350584619624,-0.10417363213257934
-0.6075832997864925,-1.6418604022180787,-3.0426586687297097,-2.033680867723624,-1.4499673521722651,-2.859768725535858,-2.2701925581511,-2.6486675038845355,3.148872658051549,0.06635525206087149,-1.9419448663763113,-1.8023065928341768,-0.7091860714093497,-1.5124465341882736,-1.3709792810768213,-2.342912927454593,-2.0241778649144067
0.982246664941761,0.3552622755047242,-0.07895559478597149,2.4462278462660234,0.07937063797119129,-0.3033763503638191,2.779867582526396,0.8009826649560904,-0.6647763691137832,0.5780582129883709,-0.1345513928848828,0.519440933078956,0.5426057337919123,2.0957564350848936,0.13194747278934166,-0.9296597679296078,-0.4067780434634199
-0.782132270944928,-2.2880163170382968,-0.25961996393649134,-1.537685984995445,-1.833120890238504,-1.745445049691432,-1.711002355845963,-1.1735289859378601,-2.2576441856980227,-1.2377166795566947,-1.9312821406505538,-2.2741220809254377,-1.4037355699034781,-0.7973087993620688,-1.0590679523971647,-1.6013173849674502,-1.225441645433991
-0.0723369938107185,-1.3987627794526447,-2.033579301834577,-2.0553991152744544,-0.8087039853924232,-0.9455209251457511,-1.927549984540279,-1.817538842408908,-0.7268912784282348,-1.7043080380668743,-0.3730116447887639,-1.142338454937593,-2.708271478549429,-1.1893639211015754,-0.8323152439700672,-2.238511344871228,-3.7216362714962683
-2.048952867129612,-1.919676376800236,-2.910367170144088,-2.4262549278559407,-2.6358643820325436,-2.477160641146669,-1.8472472087228315,-1.5954767018200662,-1.3703333837916658,0.16549134912656432,-0.8085355245490384,-3.8225876478712806,-4.03673679052671,-2.403488175145846,-0.9687510197724376,-1.4778564759463586,-2.4777791023479216
-1.3205928612409052,-1.930637044654285,-2.239761220588339,-1.5517917736655042,-1.5067058576445744,-0.8207937676059306,-1.479266190477913,-2.3819232264418058,1.4544269185333145,-1.1047316670555247,-0.016121840738370048,-1.6514169334509299,-2.219080099839252,-2.377770469652496,0.18303364571214917,-1.6267089491023612,-1.5152480608173395
-0.34898266968876757,0.7215084340264791,-1.0697756068721394,0.1371666012860126,-0.06768992224312251,-0.07692448270429188,0.18091351445580287,0.5051309591061888,0.04082637722003557,0.0560237854324695,0.4983844648140097,0.5205421688627222,-0.3956838207709834,0.19831283816939219,-0.3068069485383692,-0.850206929098129,0.8780471933949856
-1.773784698920992,0.36985861848418944,1.192823685394948,-1.3728621925943068,-0.9753660467694241,0.40045813348810155,-1.0903289162311227,-0.4211819018366272,0.244835041693494,-1.7166855330826083,0.016917602211817446,0.3343961306487158,-0.27999787403721443,-0.25359404063843277,-1.915723936449424,-1.0275855636907938,0.33616378190401064
-0.2700910393969776,1.65284740120139,0.7419927277819889,0.7192792404405538,1.255208821079523,0.7834607642979248,0.9406665502441947,0.9667764976477269,0.26687132128335334,-0.3721922439253023,-0.1355960252974803,2.6315955087967127,0.5716811168635855,0.6386635670944399,-1.6633623142571923,-1.0877236933710306,0.44487904651628085
-1.2508761717658479,1.6164675830929607,-1.6939325438557915,0.8771106587855122,-0.3170573239216786,-0.33745112751761325,0.7656314548362414,-0.5552261303020041,0.3058665269755723,1.3909855853851056,-0.9734951630734849,0.4277743012121105,-0.43262609850768663,0.04755763221907953,-1.1584684842844113,-1.6219625362026633,0.34208690786047746
0.2904796237495736,2.3458582933629297,1.5694337523375168,1.848169420817004,1.5259073516582229,1.2154596169013234,1.3849494460446872,2.15172580033698,0.41459797970758483,0.5174051666491501,1.6070231028868895,1.868146875980956,2.200528137505483,2.189157780490546,-0.3126116808312181,0.9603677063303824,1.1661735984793953
1.213558988531614,2.669068399501234,2.4309174527660136,1.1840481674759198,1.6083468724772068,1.733367053720765,1.6163740795180854,1.7481992835858369,-1.0659378965741055,1.3269588358298354,0.17855326620712725,2.5209410755885093,2.9675747871590796,2.5344771709779077,-0.10465812888444453,1.1757284203242908,0.252633542706777
1.0140198212729277,2.223324904950388,1.7205066025663183,1.8436293268785964,2.0361890382416807,1.230311210791283,0.8058816835774255,1.4767264479217574,-0.9096640161349646,1.7015639608219129,1.8148807834493252,1.310020841626307,2.629315151944632,1.545436184785738,2.052615082074805,2.3532433167242,0.6733976072928246
0.018406563850724995,1.092090065861433,2.3927877335976784,1.5642591977850369,-0.06805867390845254,0.44582586201866164,2.5368144072989316,1.469343185012701,-1.6236144008162126,0.4712484973108664,0.40841587027492193,0.46227171493470975,2.173632453726698,1.66870078233992,0.8388396856590181,0.5259206382535218,0.955973625583413
1.4796690574201137,2.133791089529833,2.140542369405787,0.6936203186809083,1.4394422492954606,1.008508909985978,1.513169150018851,1.012273828870358,-1.358020666903429,-0.24783203288406028,0.6292432673310548,1.082951131712773,1.4947490099805882,1.4617137035082828,0.060281324876624104,0.720395462697314,0.4850022779256257
1.1229802303722352,1.4186960372573385,0.6964939259660823,0.11399078582729147,0.2149080977178964,1.1027222292878196,0.15233497247461641,0.2202093272110624,0.6589944605650025,-0.4641566211714869,0.11617983700341802,1.370638774771958,0.7595043947514333,-0.7181547937779309,-0.12134196915796333,0.5732924345683429,-0.6009064558760858
2.079477874482402,0.57812148293307,-0.6874254651932828,0.7428313163600081,0.832794104757714,-1.372725259733733,2.4592864534706917,2.066160857969142,-0.2597829830563117,-0.11765384778723761,0.1430176593511294,1.4529504702314318,0.6309633368319367,1.2816929236758101,0.34881077296738516,0.3229668431281192,-0.5420667425153276
2.0260992272780527,0.2658730934647199,1.4338181955228035,0.12181617052682192,1.2748852030984945,0.9296784375659379,0.6852762399409332,0.2423820517974027,-1.1029855453700779,0.5032672062124204,-0.05468560092800714,0.05319743295236058,0.6492547745088212,1.115650882677264,0.8444869146674272,0.46940259138065404,0.20097592634012246
2.565969254382184,2.0391027242294113,0.10618156388805948,1.0203577595472624,1.9840636943517458,0.3095928582673875,0.7148401714921738,1.7557230855442159,1.3660020805405733,-0.9978060374626108,0.8969896640031804,1.006031754353497,0.9622021731717418,1.6565684968815833,2.4287529821343408,2.135308560329214,0.9499253656050536
0.7982279586313554,0.6788819923708307,0.07937875530375403,0.16498344382969163,0.27045249953417116,-0.595441523057802,0.2881967509624368,0.42350894150115187,-0.11828202170311758,-0.012595721876446166,1.0126803501355226,-0.04065530812067253,-0.17683438897587397,1.1636331545468348,0.23091738570678502,0.9808205864499039,0.6483865307445984
0.7394151978457473,1.2097220230578376,-2.0769144502836485,0.875667929964531,0.35859249831542356,0.030222396734538366,0.6456888698082275,0.5785742278518492,1.27666888314183,-0.6315345591732905,0.39653153574284733,0.5366302373983244,-0.16350492889068968,-0.37007321970983187,1.9304417910328697,1.3611660705208648,0.44372219906666216
1.832899510981594,-0.6154685589400037,0.7884731914766175,-1.7308641941869718,1.4595896029995579,1.4709543729214654,-1.9319618340455522,-0.6102280331377419,-1.12608907800786,-1.3732112149451863,0.6993228304043865,-0.8033836638166434,-1.4245458253453636,-0.5861688579039057,1.8220315602372041,0.2953358504605823,-0.2980632894796811
0.6113817506172459,-0.3526650941065714,-0.37285768089505106,-0.30708933136988253,1.4383269546366957,2.1176737543395276,-0.06578630984028593,0.24527919207881885,0.5522052209694366,-0.48847133086307176,1.725924416335057,0.6950874804919491,-0.2341063262826014,0.11699389279324686,2.2766193140035855,1.3679823282903776,0.4145178003549497
0.0978098449805359,-0.7191618074486876,0.41447988914320355,-0.5630063799554548,-0.3335260051624627,0.4507052751867946,0.5463354290848095,-0.02265625302427362,0.714149333040772,-0.9654649789637851,-1.4791104892707672,0.45828633651808537,-2.2145962292469745,-1.0100934971887994,-0.290591989901454,-1.3404150383890332,-1.9879889707770375
-1.3504433732120031,-0.3602150776622559,-0.45343610468409307,0.006625286889436252,-0.035746377277350166,-0.7291536405874482,0.07881383857943844,0.22273096490284197,0.2580789414138514,1.4311737098791155,-1.1052011011303715,-1.5163854171954958,0.06342132421320693,0.028156814832250823,-0.15858626338894244,0.3546015496116601,0.04350720224137261
-1.7280599505387264,-1.9652913569513715,1.5248509149700933,0.900708307652297,-1.3530210304150818,1.1411080451886535,1.4045243651487809,0.3213108984010874,0.3987381241026759,-1.585962129224519,0.2388258333604607,-0.11024653556311392,-0.6893908282641277,-1.0663046633033881,-0.8956319427375714,0.04130711629394164,0.2035456402929839
-1.8941578554891587,-1.5789497838837279,-0.5644278603723971,0.4694210610611046,-0.20855855337748958,0.26984816928623956,0.0016437300003387756,-0.5359882047842419,0.5924019468459011,-2.073609587090406,-0.49567398074403135,-0.37371299691097304,-0.8466811438211566,-0.5993314210163146,-2.0384875690814885,1.4292529857895977,0.17736554229547824
-1.2882209110624958,-0.10831787464642552,-0.8070950979541417,0.21019967099187853,-0.8489346692303044,-0.4646786579643676,-0.1925095239729462,-0.6915902884547823,0.16226675220174866,0.8882419937162147,1.0104821767610395,-0.5708855831400476,-0.14099069682999904,-0.1899110179681008,0.305343094102572,1.5341567822769882,1.7013837667935212
-1.2659787019065947,-0.6361787105906306,1.2150079788308383,0.6741083629832408,-1.3378072098259695,-1.6797763769777785,-0.5876965616547397,-0.9368299174759013,-0.5058306347465121,0.33596724865400285,-1.2721776795658934,-1.1706061339825657,0.09942977424089457,-0.10708588500601962,0.24846796688203504,0.47438260028099044,1.1176572031215362
0.05358428525606048,-0.1869305535180077,1.141820099746047,0.25842692867905087,-0.6953319722675125,1.0115048364449457,0.38963438599887085,-0.7971088402734812,0.8470861945701265,0.4190957843542261,0.30248280708644243,0.0031348412975785653,-0.520065428668622,-0.9861714251309556,0.5121268510385456,1.3601793522757668,2.1479270016786294
-1.1018467992972174,0.48263054675716316,-0.7363063590950084,0.28462019540869027,-1.1859230047445213,-0.9302819928162147,-1.8108411851682151,-1.5056868978496012,1.6179907607414796,0.8266657237511768,-0.22463252612791346,-0.5692108614848519,-0.0020588980530892895,-0.7350640917815322,-0.6815046841231331,0.1818252361653285,0.9644865280121094
-0.371531951700546,0.8363161874353784,0.9211517918796901,1.469677076645849,-0.23384360569811283,0.47366615159382425,0.8365819473736344,0.6381642010505899,0.44522029558764,0.8183281874160067,-0.4673864995974712,0.4235504649157529,2.5579444315391284,1.292273571698449,-0.618306486797465,1.0885602656585585,2.049965369773269
-0.1515270081873336,-1.0966281550646593,0.5611128165926932,-0.5639461887377005,-1.060715422751758,0.6951823938546011,-1.5083654515134164,-1.6559950730180224,0.13198762812787718,0.7863836047484488,-1.3046274036026924,-0.4021932028024336,-0.179816991193791,-0.830140980191812,0.3333468890054587,-1.6676544226864691,-0.7604881539352929
0.48542553407296946,-2.162335814933845,-1.4705686614258024,-1.3089092368644297,-0.6445404726322044,-0.46823037059247763,-2.2676662408380994,-2.4945231743552676,0.43594532663363667,-2.2180468169158645,-2.3249990072149718,-1.502031633916707,-1.982025998039222,-1.040736957723149,-1.0790063997549442,-2.3959847521516626,-1.7749492850031516
0.9474007696848422,-0.2938342611585962,0.3507926753371866,0.9417077221803681,0.5155096124056031,0.9016420510581004,1.6906684866062707,0.3397913004528277,0.27564269431810584,0.46568304708263986,0.8534284044800979,0.8343942399837784,-0.08203202890259555,0.09507812065866933,-0.7894580838261963,-1.4602086037065785,-1.5187569201522455
1.6838753080159499,0.6594142281894882,-1.5781451885596856,0.9331493990588107,1.620482949964702,-0.8509954405855643,-0.6159360888537699,0.06554862624501438,0.47458809048441203,-0.5576723485988886,1.0172942387591217,0.7266032964645458,-0.04122922230160491,0.37601583748359524,1.2864358015435093,0.6359063373885954,0.3261805841197276
2.3173254370078897,-0.3401985027259391,0.6098295219380978,0.10502954095576245,0.9390596062037941,-0.5855370644039251,0.10449927493916322,0.8737670248552256,1.4879779843027667,-0.5729283414522948,-0.8911916425586892,0.6179660715808346,-0.11127804360348265,0.7530056763535862,0.03668186244802335,0.08845649075201072,0.255838882653292
1.4701915528563665,-0.9132257530770825,0.03324417535545965,-0.035958640702449605,1.5882140426563118,1.0412766896457442,-0.13599243933154886,0.3028303953162594,0.34272250223141876,0.3637389115897697,0.29290331163371425,0.51667174273713,0.06323075236249069,-0.48702406629374884,0.322045343703214,0.3789988783526798,0.24564945790359072
-1.228407230353492,-1.728718138966389,-2.86291855665532,-1.2786194564761098,-0.9811423548409385,-0.9557481265437847,-1.2371131257341823,-0.5835448658108268,-1.1726406972358236,-0.9677008290406335,-0.6316917719287316,-1.4305399736217967,-1.6116832908706713,-1.5058263441404167,-1.0029227757716872,-1.19436662949176,-0.1921789757444869
1.0257264429918274,-0.9007895623274602,0.5140764767231654,-0.04087693063482078,0.4742228741467016,1.323584127463916,-0.31712051031433913,0.4929545595551703,1.6871184936208965,-0.557238885525897,-0.030358773246289845,0.5010699299478097,-0.39400145592918817,-0.7271991924913142,0.3910572177732334,0.17260864538984103,0.13100369366752612
-1.974843852302419,-0.548887060189258,-1.6371210103936014,-0.08895959590299196,-1.3357085720098074,-1.4980151513560678,-0.9800317858072571,-1.2599173680362796,-0.3032187428959644,0.5878571749393334,0.3431877757976778,-1.7541283207282647,-1.2411458295628317,-0.12313152061556756,-0.6050417187158652,-0.0538866392173257,0.47508093762047027
-0.8762074706969565,0.07445441776459893,0.5648987253066243,0.3562645926182856,-1.8357227971847785,0.2724376695636765,0.062342121194325806,1.395582583814731,0.4150096195405602,-0.1857934993738918,2.705180251082065,-0.30772781745661437,-0.34415794270928746,0.2852134248543814,1.1376280507120387,0.8476022061473244,0.4072851452305319
-0.8881084641101926,-0.6203279890916892,0.6197912353444238,-1.2958775348245146,-1.274383043659966,-0.4904902137496873,-0.23703469716937223,-0.7076513039682244,-0.9821077397170641,0.9423615994061629,0.766864626412407,-1.6883118654928635,-0.9573261183306622,-0.4368991190778397,0.922175679061931,-0.21504456318911366,0.5821715306065783
-0.21616705359568547,-1.6257741187943606,-2.112863431306918,-2.0441386694286856,-0.7939498443404467,-0.8013945584799282,-1.6498826350339728,-0.43801783112607284,-0.4818470231095391,-1.5151103615645882,0.2823082754399324,-0.6430414892938293,-1.1876242169616988,-1.730854782101406,0.21194274671390034,-0.5732587355679551,-1.5585591902784701
-1.0159287155804588,0.15275707273848818,-0.4315031215607397,0.2570448213374675,-0.4529356035979764,-0.270764905545416,-0.05850271672711573,0.24557858204801866,-0.7439396141419031,-0.8070703711198383,0.671990778727389,-0.46896730053044483,-0.9441027953993724,-0.40863584430135574,0.025398914446168756,0.38727778718368194,-0.9368659190823054
1.002208878052133,1.330041982663026,1.6448346657944328,-0.3355196598580775,2.5341004321229406,1.1209553542760067,-0.05893752921213312,0.889292390502454,-0.11894690234895744,0.7814392898817293,1.4524087897700215,-0.03822472579117085,0.11999586162270333,0.609366702432943,0.7767923929137514,1.259514313014984,0.5501157917628315
-0.8019897275926722,0.9184763215869799,1.1872097524886889,-0.14009437644451012,-0.8679710952707075,0.09160159590367851,0.9182314711978767,0.8712659294041221,-0.7938010195774575,1.9881729449476215,0.775724825057577,0.360125656659421,-0.24575827653868332,0.2037219307509157,-0.1672671966857178,0.37315276702168654,-0.04839023602719479
-0.6671004967819392,-1.6328405005263362,-0.17787568416074212,-2.1986586559840107,-0.6996546695457769,-0.3573238449739306,-2.2522802833726274,-2.290122855330107,-0.6156113948030639,-0.170693979383741,-0.5168988828273917,-1.7366940949605327,-0.8865356993888229,-1.4999733982636434,0.8606526156416299,-0.8770622318053949,-1.227648306709384
0.03130322882296642,0.9596341337907969,1.9641715877522372,1.0533698592817085,0.3049584087924859,0.3222479921218692,-0.14388776531020583,1.314719968585156,0.12402755165195085,-0.42229086794263343,-0.23777055706032912,0.2070248926343586,0.024213310202316686,0.9984933662394114,-0.19689183299939692,0.9888675998338242,0.6173424526388699
-0.3867578780621158,0.13880787485979756,-0.5463791962998298,0.770216289258912,0.2581819154156243,0.8011928154940281,0.938680129230446,0.4721732094687211,-0.7939335387634571,0.8887338271142164,-0.4188433261450613,-0.057451815968196686,0.9560790995961753,0.9192803863360749,-0.133296058517089,-0.31713440030049395,0.23339350122592775
1.775491604847872,1.9430605657200153,-0.19331499412327713,1.0154243291759284,1.3327140929754078,-0.39908474023685303,0.4587768859455413,0.17841491882347388,0.8522570617474398,1.591971889820011,0.03398070340539833,0.06375720816361886,1.14455966465689,0.13193352391518887,1.7756240735685573,1.1356155412690874,0.3210829442104199
0.8804875077090987,0.5008849607157148,0.14411825750397603,-0.455082751541462,1.1207964784681566,-0.38791777423095547,0.3503756062184016,1.2881317218948776,-0.47820207009078153,0.052443764001407704,0.898893197085017,0.6545830146360869,0.9932670910666908,0.6466257229860302,0.18052243024447823,0.29953344167913226,0.7860336591532718
-0.685669676399512,-1.5976217817634002,0.1716604139413928,-0.9575454366374613,-0.8396412169835655,-0.39620766768040466,0.7473627270939456,0.6711753030798412,-1.028154080160255,0.5449706773650611,-2.1665215734236907,-1.1609146817056606,-0.4882512518379883,-0.5167302891145884,-1.3874972894554205,-1.9592289873055224,-1.0190952204775612
1.3679514816584222,0.24224437627058876,-0.9863543099526632,0.47809168566063903,1.7526780196129632,1.046560970189531,-0.35652968045751116,0.0811657054776998,0.6291166044029676,-0.5105101701683912,-0.15017063796867708,0.6295766678580803,-0.29391250556295806,0.9581702150704693,-0.18215841452507409,-1.0851773010366097,-0.6886223747771492
0.28115785860767384,-0.18353830204567612,0.2289142206892234,-1.072806764010487,0.30276672136753574,-1.2781046852330615,0.6023979233420947,0.04478392592832061,-1.0229427840564294,0.47628750611428855,-1.4358436808259654,0.4846773031150225,0.4356011035028145,-1.2336266238851994,-0.7210856821929099,-1.0655089064669057,-0.7472966251990149
0.06930863453398994,-0.11083658808561225,-0.4468212296683715,-1.063184857886612,0.23550612075792982,-0.300388876533855,-1.9683196405658112,-2.049427430199038,-2.8856307702365935,0.35307310161277977,-0.9472210662371049,-1.2898546921845266,-0.7399382845755761,-1.016949349450206,1.2197785993575383,-1.6999521166129956,-1.1668128585624145
0.38826693747237234,-1.1748729928786978,0.6501639148061898,-0.755888493324615,0.20348965015068876,0.8947398003778552,-1.2524632009214005,-1.8043891441041908,0.64571984153743,-0.6706007529089878,-0.0789975572075826,0.5441363242505924,-0.5665348436045997,-0.6709619473504177,0.12757947405531447,0.4317460290384524,-0.5584184054264129
0.39646805735463775,1.398577787551883,-2.180236344182799,1.2191006011087266,-0.19223277154445698,-1.2364736718819167,1.1304570888804988,0.1828512203848478,0.1760230541303855,0.1670633277723645,1.4014760452855037,0.24972117325338442,-0.36058608752273497,1.1477661964381636,0.4771548711135921,0.9123462232452564,0.22342291117576807
-0.8031909545470083,-0.1299650221502873,-0.9182970363360067,-0.6770377122442536,-1.5576064563563785,-1.548130062556848,-0.25325060134209043,0.48141884945459457,-0.22376756919296165,1.8915142981187683,-0.5810722481953452,-0.16109528207536444,1.3759776376795396,1.1344064062628314,-0.3192500466103036,0.09175402600327832,1.547976968110328
-1.3280848693843665,0.4377648647532625,0.40467772131215435,1.3676260680049166,-1.4870609011697342,-0.6009229849712016,1.8754191388119001,0.6117791761695661,0.3341736952443915,-1.2293174523648616,-1.113586242517826,1.8050473745291529,2.203564743654346,0.8460392121988665,-2.683463718929816,-0.8873094094255576,1.7885685626531107
-0.30169671743214654,-0.8753394267749811,-1.3845998713616006,0.09104373713289741,0.15416728786419615,0.14843955298366646,1.230912942085206,0.4208570742997344,-0.6339125749597493,0.4958653788122886,0.10088073533506464,0.13072702827634486,-0.1570698076034179,-0.22536840738099376,-2.1158787737230145,-0.08439031961428195,0.19084604047188292
-0.5708100023637587,-0.4085907609162543,-0.15435976380652328,-1.002216660951087,0.3782972073529684,0.27045783236830095,-0.23196583495841988,-0.27092329644549723,-1.5333380713052536,-1.2859416603929332,-0.8797262624224709,-0.16545960849231942,-1.0769910158404898,-0.7156825983272971,-1.2307314263023788,-0.7779120363494108,-0.4575907484514269
0.6094433644312722,0.29447648812153443,1.162231595274277,0.30699976107045784,0.7764035156779533,0.24083804043378487,0.8316491167348009,-0.3153711464117312,1.0764922056455144,0.3902838436141972,-0.8914603265780106,-0.04097298095617899,1.2684574520519771,0.5288239409333682,-0.6561272534138801,0.2612320325565872,-0.22166506995530974
0.2759458149185765,1.263081864707665,-0.013201551957555189,0.7829904523497123,0.2624251873814649,-1.650832239249271,0.30135117386539606,-1.0154600717702542,0.5090940033583417,1.374821171343938,-0.11099479950239285,0.17791994871046515,0.13539800482320627,-0.6354559884743696,-0.021919426921262763,-0.28834449627236164,0.3760572830957062
0.35124105490086904,1.058473328844176,0.2772224529818919,1.15032393836258,0.20681841555930003,-1.077859830254287,0.7565057328982655,0.6297887507071319,-0.01584078002406237,-0.03774147293011815,0.46595586563693725,0.8499100793568535,1.3458476155340877,1.0051876949086267,-0.5695815892976772,-0.678011181398652,0.15537406841309573
-0.34256423775351064,-0.2919447802502584,-0.6015308642695194,-0.9813916040323742,-1.1602915365675246,-0.005502590297206378,-0.5176751953354365,-0.40799064723767486,0.824632087238437,1.567324721597014,0.5328924848719375,0.7097752387363079,1.029277516713269,0.23432684194062867,-0.2965554983989902,-0.02149397224431308,0.7345512945021169
0.8083059600327305,1.1662059103944062,0.08616154504467999,-0.23362022915930816,0.5527216252008157,0.4280240179589596,-0.3531776927675556,0.42226275524231505,-0.2150416218863136,-0.17802677504095193,0.5258084008296626,-0.3803763324171036,1.5848958711042864,0.9653056372420497,0.5449638545343355,0.26041738472678816,0.28583753942960327
0.04958664094269889,0.7481268792028004,0.539563699121488,1.2663126997242184,-0.21493048244237078,-0.975714896668059,-0.18634465172789985,0.614208684501436,0.011066637233371548,-0.5554436749990288,-0.492892328019209,-0.3237870488769662,0.4512887329147712,1.4884435357344736,0.6476328416750957,0.4903140398404358,1.157683563387912
-0.549598137827989,1.587631788766794,-0.5368285318691384,0.6918746851922246,-0.6155486659969314,0.09762106645731297,0.6730826297221674,1.0500176123065426,0.2565804480085615,-2.0507379954814002,-0.624138321240985,0.21938013970585613,0.9499506971041414,0.9349235687821423,0.44677923690394716,1.5446769665101245,1.3984564368792614
-0.12850615839282864,0.047234041881871955,-0.6643668748591552,-0.363532483752718,0.8034701840206596,-0.535328514386376,-0.45503364092208354,-0.3674931828428512,1.1083063590139413,-0.3167287197269743,0.47775654091159,0.11029709444749852,0.2216551753111558,0.512385249141515,1.430586439427556,1.0737649986428326,0.8881591282474426
0.18630389437792425,-0.9409901804795244,1.0291663894456697,0.10145113668399691,-0.24346592914321116,1.3242381556976242,0.6160753884155392,-1.614839629192312,0.58913122008457,-0.387931016536116,0.8467892370708172,0.6957881322278759,-0.5323849010350854,-1.0581600027745324,-0.19617597870411202,0.5380948190756807,-1.4486911413424783
-0.543981451923933,0.8289963627615441,0.41215890902031693,0.38070360030999073,0.2300763076740595,0.6283717317808122,0.21948427141687515,0.4806136814504058,0.05323978166688724,-1.4670188922022611,-0.22392751705145345,0.7823857778297173,-0.2765745544744838,0.23986700578197728,-1.1474107303899148,-0.8127307368041528,-1.321122853240981
0.7960388134608503,0.7532852196838458,1.4776223971242364,-1.0615702055111915,1.0294143833562532,2.2499517989591182,-0.3467958523612478,0.489238686141661,0.1679380385162946,0.5839252597654634,-0.7117723539585483,0.3984212002388409,0.6684057827392322,0.47631024550702405,-0.5569777724939284,-0.5769033803121006,-2.050987939325901
1.2893411823510346,1.41183963478627,1.8011284533043947,1.17494119123308,1.00338669941812,2.1000052931071624,1.3608814887054976,0.6339360671250777,-0.6107312492938233,1.453909225690329,0.29316607328349936,0.8214020596243231,-0.4974915641843195,0.12121337552909224,0.49955281798397194,0.3337658368878436,-1.42199072203718
0.42315544926373266,0.39653890705958,-0.11560792042214817,1.674573384034383,0.7075027519984411,0.5063188698622161,1.7589650568148645,1.5976327648775055,-0.009953178384015299,-0.31562574609548805,0.27267718555932907,1.3561467299158407,0.9452401729510291,1.6258596970985741,-0.16511769134181356,-0.13690637591006982,-0.013366970422189095
1.3332984408895074,0.41516682304968777,0.4882304664817281,0.22928315583559666,0.9430831260969031,1.4981306336359337,0.6665251095281486,0.7050224967302432,1.431199733211675,1.3176384067477094,1.1900826372813151,0.8095921430401782,1.3721045502569233,0.35721496645559836,-0.4205153753928697,1.0959908810106647,-0.5871494886406423
-0.09519480913088516,-0.2818668424709407,1.211154372777186,-1.2885885820192053,0.04395493955973426,1.2292513323945693,0.32020074299106244,0.5725085821467633,-2.7833159326421306,-0.7578505083187191,1.3840649018320077,-0.19668572730037484,-0.031495097510101176,0.05995691353946154,1.7485110335200102,0.8495315784248999,-0.5350765565734786
-0.6037432451286577,-0.8210306350063576,-0.0938828103350187,-1.2254096037279931,-1.1410556175905757,-1.8177307570213983,-0.9126706157943917,-1.5089452616788555,-0.11106166876091689,1.5834816600382702,-0.22017977078906453,-1.4768702156298776,-1.4159927170131315,-0.38796690612909207,1.777336957224387,-1.6694150780946273,-1.2652046084418742
-1.4599529866390761,-1.3950586603979707,0.8338734751747943,-1.1192470199745075,-0.8531182451076069,0.5472909822228149,-0.22798321467003893,-0.9889022560103493,0.3595722287275427,0.24760899535364517,1.2918149967648271,-1.091992478382084,-2.1316709518540575,-1.299715237182721,1.3725137227694721,-0.36420199451413576,-0.3937675600792556
-2.297633129447543,-1.4060538799272488,-1.6387890303828752,-0.6454925141581968,-0.8469590623049328,-1.027716315129542,-0.9727752230361175,-1.5426415672833682,-0.5011622149421475,-0.5552080997779872,-0.8692203620002777,-1.3294988759113877,-1.151544128224268,-0.7754646307536271,0.04231276083032888,-1.4793500507819903,-1.5285172413483856
-0.027940632810430445,-0.8668337643678494,-0.32907259885286444,-0.334050265904094,0.18822868415839944,-0.5891495831452553,-1.0595505997202839,-0.19088012226432494,1.4441283227391295,-0.3047591243005406,-0.6721729674560082,-1.4310454664881342,-1.5932017604069968,0.2873198116350123,1.3128196112997312,-0.23991345135062075,0.3314158647912872
-0.615015363139828,-1.183123139907002,0.2502116730885765,-0.9150268888821614,-0.5027725116886277,-0.04057415640242345,-1.947296797182114,-0.3207764137153164,0.46911763227649966,-1.626140750411378,-0.11238868445479598,-1.5029710781183896,-0.845526586260602,-1.0915685875906689,-0.5998143920927664,-0.1267917203969861,1.2535916310957778
0.22212065744572485,-0.599595915244332,0.14772347798181898,0.0704483564766608,1.7598703626476555,0.8415704491804274,-0.7440525940515564,-0.3075162020461181,0.758109107187761,0.6404949792820884,-1.484362913065566,1.0865795436053662,-0.24797799947125573,-1.1654822113148282,-2.164692150282906,-0.38848262102018344,0.5689401903799374
-1.064001074128602,0.19605146702315554,0.21441097150970512,1.5595724136628324,-0.09143163049807264,0.2319110818867874,-0.12173170168401194,0.1411214922712859,0.7392319776065992,-0.15804042606837407,-0.7115085429463123,0.658426726072098,0.15083278508407208,-0.04983858334655688,-0.8530088664120212,0.046506149622795465,1.8678259549561107
-0.6286024280328292,-0.6977584550734853,-0.11946648228720087,-0.22017802014449284,-1.2482182599447036,-0.7249748050837121,-0.40619436666157555,-0.1105455471825939,0.3685235922122518,-1.5672394565963814,-1.928843042427662,-0.42705427321550493,-0.5267897042510297,-0.33182048998399954,-2.226764676945061,-1.5942198493295285,-0.24243332470578005
-0.6410805504550801,0.5609939045896428,-0.8235714733423335,0.18484097516547182,-0.6975669278699008,0.38737610040354276,0.06197020643480682,0.5034685596647333,-0.04501595434610648,-0.14531141205753076,0.23453583038597423,1.5478568303272306,0.7655353676155175,0.6669156881815115,-0.5420388326253928,-0.3098275678168468,-0.7074504288800005
0.24287481843986822,0.6394376983635864,-0.05397195759611146,0.2345361132672975,0.031893912999413986,-0.5213057949850576,1.4148079946799985,1.7088469466593539,0.06280881180371004,2.576529104112742,0.93385357531526,1.3303666997355281,1.7331660997345446,1.3125418995989955,0.2361439151688187,0.9557797475040213,-0.09649007623162592
1.0997786884147238,0.7505203310370537,1.6592903367243577,0.6926785249255337,-0.043590019395471837,1.447576676798851,2.073641489782797,2.409256934629229,2.2234110180205184,-0.05453243190300868,1.6122987951625676,2.5333460098285254,1.9795579979873714,0.5047692579758999,-1.5637651472909548,0.3323984629212459,-0.8075237263853127
-0.3165985803424668,-0.4022460731042095,-0.565703983608384,-0.1562020964985337,-0.004886263811765194,-0.6447162906604444,-0.45413268200844775,-0.31020184626056435,-0.1289483241298932,-0.4383733804264795,-1.3101178556686826,1.2270507472839378,1.5329613346953925,-1.823533479297608,-1.6745676343560858,0.31561224473603,-0.292124054128783
-1.3323564542999617,-0.18522211567026284,1.5353778003876597,-0.146110739519036,-0.8120403112404203,-0.8863649967286343,-0.08862162745192313,-0.2606882427922679,-1.420694023361562,-0.5831023817532187,-0.1386846558439875,1.2587481589624718,1.1483172670785298,-0.4764872433701205,-0.29416574805067286,0.6675829821214362,0.44768762692322556
-0.4749683718162345,0.8214506799644017,-0.6223089198133502,0.9953748298958032,-0.8278521138977583,-0.6163108118720201,0.6883196260776164,-0.20120235564876812,0.6084327097408556,-1.993471696998604,2.203558395679585,1.3118181111081846,0.08345790449092633,-0.6684964631599509,0.5988731212898866,0.9115334909959745,0.04449705097126891
-0.1346657219575308,0.8861668464873969,-0.969884805124692,-0.8493711123879855,-0.5796198369882686,-1.6249094920303773,-0.12514105354502036,0.6702310155714785,-0.6978416514168387,-0.08177744310710082,0.9732113375024576,-0.6953574198755942,-0.5625963065711753,-0.5136348639258396,1.863417516714623,0.5170201553024192,0.9092475052796295
-0.7808270392934581,-0.5413966773555714,-0.8745115641080011,-0.48931490557556606,-0.5444854863657883,0.9690689632859942,-1.324597152153236,0.1192332999295116,-0.7137427483674387,-1.0643308028880858,1.0626722789801997,-1.1027239771782955,-0.9160166629609126,-0.403908528112976,0.6233443979504754,0.28596651589498134,0.2803006950671723
-0.07712048877262527,-1.0871308548829026,-1.4404492154891428,1.0121690465746587,-0.4521960742520365,0.5769536346720299,0.14258082418411847,0.059213492096413904,-0.18654423473741374,0.6311703982089719,-0.464087514738005,-1.297987083867908,0.03877363646914585,-0.843992678754518,1.5939900315645537,1.3973116760094462,1.4731002057651126
-0.07650191175886252,-0.07675664174204753,-0.6591043074647933,-0.3988239939338341,-0.7054268881303061,-1.65119632101541,-0.689797200823282,-0.37592096881415055,-0.5199643850534744,-0.6029220192761369,-0.5377877909782017,-1.3925063507650217,-1.3370597665071986,-1.1663453533377806,-0.11938498034897307,-0.16096804890361952,0.11692381885607009
-0.9764984420078304,-1.0300712956065872,0.6434408443122195,0.26441947321116466,-1.424168104469923,-0.210262175387229,0.22334290696531295,0.21051797503397524,1.4718447984792926,-2.922260303487183,-0.8882815391704312,-0.6455455036194777,-0.7267933086117777,-0.5853898223234657,-1.393027519071465,-0.326466524861239,0.7081684887394374
0.2205245358734665,0.38317812235670407,-0.7139751581729199,0.35611016094132425,-0.1427118332171517,-0.13081279597314377,-0.17200535597351108,-0.9774980159446255,-0.332833994253215,0.8476597074514474,-0.33838789919371526,-0.8482617003451162,0.15710148995266124,0.5373636652027818,0.19250285330699832,-0.22173291381605617,0.13745239937616155
-0.4680167377682956,-0.3909385605502435,-0.42306127728046017,0.1148153474784641,-0.8676931587625913,-0.595927659216221,0.3516721899087288,0.8870807035819249,2.092285506408596,-0.617157334889292,0.7649460490265443,-0.03868105533977573,-0.15181258226388325,0.898203438314557,-0.17688310059979087,-0.5886213665084579,-1.3775924371018582
-0.2260079022589213,-0.33791567413546525,-0.20257964607025752,1.4779241665614433,0.5363685392466885,-0.9424772612122329,0.4529289874764729,-1.0576374135873234,-3.023932517856027,1.442933641527542,-0.5019809153812551,-0.5149938693155307,-0.9453959461240834,-0.984510081452976,-0.46005896887037356,-1.1439969541258006,-1.7200186131892747
-0.04710227264935888,-0.8656396038816221,-0.11524847772532776,0.2527235012275415,-1.0790748694063748,-2.0999830013731886,-0.1534657599457162,-0.6006476393807689,1.2233524244039835,-0.0011465771803526401,-1.1467332119809215,-1.076885640360165,0.34782061914172635,-1.5238387040047063,0.43417628937846114,-0.46005081335993636,-0.2575857564202314
0.6842817065748767,0.4868864110625615,-0.08788913539317265,0.4874742035381349,0.5559437314789651,-0.4485299737380127,0.3328301693498705,-0.7737073905334748,0.19097531551064384,1.5967769168407655,-0.7766035622703291,-0.3135819953506104,-0.33911528610349495,-1.1994374944280548,0.7135889850787637,-0.14997913221262546,-0.029549746566982938
-0.07422559792976392,0.09149855831777808,0.08226491278442068,1.431545850125175,0.5809131894886628,0.8269544812380913,0.894515854730805,-0.23024924215410986,0.8744984093847551,1.6336679868221455,-0.5137779524611783,-0.0202993732300672,0.5681309026874799,0.4321205885186538,0.7932334443394334,0.13165597303879475,0.46173395844748294
0.3496786845180987,0.0899751325523104,-0.938029028459095,-0.09983268074385773,0.24465488162610724,-0.5977890276017573,-1.3843927185823544,-1.338147762953791,0.8802162259020427,0.37704495854411785,-1.2223763038941586,-0.7937941067141103,0.029998117344740848,-0.27611212992876605,1.0122325139970831,-1.237890792418362,-0.5665801570231264
1.098729255218421,0.9246816182424529,0.41915114166322376,-0.6414393008090634,0.7012823504005198,0.9658819980779274,0.19133069254954074,0.9795137028114032,-0.1214135656213571,0.4098392660258171,-1.7321423361765769,0.7094099575319813,0.7667810979295572,2.0343434570143617,-0.47277275513692596,-0.41883452698435486,0.7932448193163049
2.4689195311964443,-0.07071598771920849,0.6758515437675852,-0.15799370632630688,1.605150105232554,1.6436102946606272,0.057268633737015844,-0.2948934309220314,-1.5066911065324406,-0.19647812654839203,-1.1993635176230928,0.7881248889745022,-0.8603432054472098,-0.04460220255115957,0.22192187712387082,-0.25477858608443577,-0.5573919168104283
1.464122391075426,1.238720618114461,-0.4160098734160001,0.0565661153906809,1.4283521591515478,-0.7780627890996976,-0.8243186834112467,-0.7341706804870917,-2.5381575608941525,0.3980096814540548,0.34029278962494514,-0.5992272795240433,-0.8912478438595485,0.695507139737462,0.5246165326008324,0.43818957193320707,-0.7208946037862395
0.6794375440152018,0.14306706551538334,-0.8392368402362741,-0.345627854801516,-0.2801827093610434,0.002272012178964442,0.003395125801219998,-0.06253278145122394,-0.9602869517611884,0.7924553261989931,1.612000045374624,0.8054985703085334,-0.9578149035402254,0.9839452287440447,0.7507043416204972,0.07924731257188733,-0.759970734020928
0.7062186282279911,0.5741986908027136,0.4084301683026283,0.06780184620932346,0.9279475141084248,-0.42119869173995206,0.21067345953429759,0.06756705608123124,-0.44136861852859766,0.9871501175428907,1.8531170831863892,-0.4514334732702846,-0.5764007598465237,1.1091316925365726,0.8339135808805703,0.8722061168955038,0.48457086262118065
2.769559147372592,0.751874842785709,0.4331144162734942,-0.8980386094541933,2.4043991609233775,0.5320989977504859,-0.3279000974311138,-0.73924927506426,1.0970062495680282,0.954309341440077,-0.46495475894860383,-1.1772540886921086,-0.5600217205402723,0.4060518431935032,-0.3718556513864161,-0.5474098066184431,0.2947897837026815
-0.10833999261230963,-0.1179359388662923,0.4633161384539262,-1.0956966597207285,0.35441458250288804,1.5985446969935662,-0.3977369236327403,-0.12985482027398404,-1.2127643487332809,-1.7160282035977696,2.0724125770734423,-0.2340207047090339,-0.8057452240999591,0.2481465220438704,0.1070396358885294,1.387577397612114,0.05620857390565731
0.5969751850949138,-0.3766311481528431,-0.2816814090429425,-0.98901898173494,-0.1956422443836017,0.5459902201291638,-0.626344696795338,-0.3187370844448817,-0.17420855820592623,-0.2806331307715454,0.14842090011499945,-0.8344791573311392,0.04347426707814775,1.0751058738035282,0.9231233560056799,-0.6776082946153165,0.369623367820346
-0.2793264148396894,-0.6262306908860842,-0.40126793629323015,-1.3703709483312179,-0.34624106219500905,0.695593811943429,-0.8728979737304566,-0.955059217361437,-0.7335888862440705,-0.9694015286582062,0.4561463932407392,-0.6895309415059259,-0.7202913976558295,-0.6180779380218322,-0.4965301022889782,-0.5369407949286361,0.036642568203952286
-0.9706506721668615,-1.0118717722001287,-1.3079643765301951,-0.5268326224896341,-1.0986852278354855,0.03839103731582484,-0.13823756005975973,-0.738471261727862,2.1880437563151256,-1.295498971661587,1.0311600194699633,-1.9398173781710484,-1.9982471809691449,0.07494268560063275,1.3269131361528719,0.3659750346112215,-1.3876032804308387
-0.34974594101889867,0.9307654432510413,-0.40000791443816025,0.10557891860580042,0.754928566111695,-0.328756037702727,0.07065646142843926,0.40607982519374425,-0.48714776940334026,-0.44505931235866814,0.8986554681831603,-0.5368059544440942,-0.4797041424149995,0.30334290802187447,1.0549858406614594,0.6766448501671269,-0.14515924339003575
0.16725358048776695,0.21121264846408666,1.7890001571028824,1.053200610897528,1.574394343279289,2.0282480158109375,1.1341227760821453,1.2930920624648898,-1.4527655010018385,1.3419028585513995,2.123642991583119,0.01716735305724875,0.04732198276262117,1.0502408192788772,0.8226518236924505,2.0082294723479452,1.1302650698293057
0.03301245257373424,0.8841604262598323,1.7508329575683883,-0.8261227883923328,1.7858363809583542,1.9780532516522806,0.3063247166724645,0.4250238988732787,0.27746647494053517,-0.530491996950806,-0.3996336268553901,1.8175076320945425,1.5226366937890525,-0.28689158401092846,0.5157176863141234,1.7119557559084866,1.2612829533831043
-1.7615405268060518,-1.5709704466725287,-0.2490868774202643,-1.3500658258677112,-0.5380994733812597,2.0621738625636765,-0.9940369928642355,-1.2457571793171547,-1.2800617070320393,-0.680256968849122,-1.0334263975468692,-0.08855546152006386,-0.9787866871174916,-2.6418761208184405,-1.7644591470800888,-0.9405757127197437,-1.1091954424115402
-0.5359369363657176,-1.3140621142899243,-1.5555226030301834,-0.4701431179256658,-1.3347733987775527,-1.073641307448811,-0.6439945525973568,0.9690743794864571,-1.1210152837338698,0.21972641941552995,-0.7004605860575454,-0.9580474999681038,-0.15762608078618495,-0.10152670766473224,-1.3451190377426545,-0.002941435665929323,0.22013459460362764
-0.1866114317682077,-1.1716841937571052,-1.4389486251878758,-0.3564051019583966,-0.8197353890156414,-1.8404369848917028,-0.8764104541061613,-1.0627705627271453,-0.24400607877448313,0.194550165139062,-1.0462950925047196,0.3457228393652671,-0.16852991955411872,-0.8910771105613335,-0.7913963409820401,-0.46008652233743974,-0.17751168302516912
-0.48649875094523504,-0.6529971494807393,-0.5943911495674854,0.020956239772433626,-0.4145626599805824,-0.7892198563042245,-0.13111476481804663,-1.1258811413448013,-0.20389696339104801,0.9916963323594628,-0.6198193161943591,0.7054315043821264,0.15498059154974791,-0.8661023208386444,-0.8591516816262146,-0.01405923630225225,0.12192853031566372
-0.564484916166912,-0.867006406434126,0.9695345265136787,-0.5711624009821733,-0.7427053540527105,-0.6076913352451143,0.3138163808541837,0.03499130056670021,0.31373826945512795,-0.8740867967359058,0.2690791925182044,0.09127839460704483,-0.16097680635343578,-0.7060304344427009,0.12225530169846686,-0.33187758461907424,-0.18406304302818052
0.23435506114295676,0.9074953996607888,1.3435951357900189,1.0581537893622668,0.43827379496873525,1.2339645884375527,1.2607491473374663,1.7762341052254929,2.32791931106747,-0.5311476467799338,2.0693454576914947,0.8454495308499949,0.5927231488242112,1.2387686506025704,1.0004553211890737,0.5348964499247792,1.387456293648745
0.5856131050825699,-0.01408437277798206,1.355109900044685,1.3225463941981834,-0.17828627767964841,0.20785968363392784,0.996126089450647,0.20046153334433955,1.194102233480407,1.311085738050256,0.46175127369780883,1.185266249728701,1.6809758265620511,1.7808442116969974,-0.5693884165790148,0.28205881003201483,1.750874824321977
2.336310016836127,0.2564816882647553,1.4639053629322087,-0.8814739749436271,1.1617764942200581,-0.49540224333823113,-0.4026727591511731,-0.17251114934243633,-0.17190635576895064,1.8629356777502593,-1.9979131611821408,-0.13844371385276705,1.1617932677564444,0.3031592958728431,0.17229958146781155,-0.0812254183365639,0.8170923134108645
0.8628876143035852,0.22438393095077347,-0.35798386173213714,-0.16062455252303584,0.37063705472527364,-0.3176784769539879,-0.14512956464985519,0.41317053489948524,0.6849209175450826,-0.05150363188409169,-0.44365749554653366,0.8103443286945934,0.2108897183490852,-1.0844454219321364,-0.038698653948222084,1.074827841079644,-0.15894040473259624
1.554739020009034,1.5268637988677833,1.3787594111565582,1.5895313060447982,1.379105254586867,0.36611831005177153,1.3638545653430107,2.3536461700525644,-0.09210684329076774,1.1616783371515107,0.18190866893646132,1.1834685118779928,1.8109626466401632,1.6920072425724055,-0.4672235094552769,0.9274696603653628,3.0810364720223187
0.8709236025506422,0.700374346082115,0.998646388683314,0.7276645087597875,0.9544692268866162,0.4245098579638736,0.4229711020072619,1.6247549734911566,0.9455591877553765,-0.5009503250583959,0.6098193827877497,0.8538734438433216,1.1153260893707386,1.4369982360568943,0.17010189089966365,1.1679425296235324,1.7191526928542005
-0.7080465713333158,0.5792093013759834,-0.05260348162398258,0.08942939090791574,-0.05349596346462863,0.002239849908842094,0.905124659310124,2.6337870128722467,-1.3077870721771498,-0.5355821918080806,1.7935838787161105,1.9740042472759451,0.017336122893279494,1.5168589714964242,-0.5826432354935145,0.5662991124841121,-0.3205857661741803
-2.045299627720067,-0.0971047556119959,-0.21026443295017838,0.33349582926301324,-1.8609610563183612,-0.11926833386130697,0.343034619599893,0.36222279554297065,0.5817652736409469,-1.0624642548120198,0.561490099974424,-0.30230397286267846,-0.1327450582710333,0.47241645130486554,-1.455142093979007,-0.637470198577976,-0.4051713736841301
-0.14661734290633385,1.2895857792200371,1.179684583141723,2.184452457479786,-0.37276912505588927,-0.3845071991356039,1.584739032141601,0.30633705404568984,1.929413123342875,-1.638505758254246,0.30780574423763346,0.28556953945389807,0.8007195076252591,1.1433440855841979,1.2254258445864168,0.949441883570443,0.5472365925863095
-0.7223271291790841,0.10877036649327619,0.6494388557125872,0.41768024880897553,-1.2364241807095415,-1.124580427635593,-0.5177237535537198,-1.1322767191628116,-1.5641504954138281,1.0265420594292642,0.45792780202811395,-2.616265839543284,-0.9349092134452732,0.5513923097537108,1.0991734026337545,0.7038753188668174,0.14128538666516863
-1.3171372677174569,-1.558851105752685,-0.8565451899201328,-0.01665916483482798,-1.2434421400507254,-0.697816375817075,-0.8567830707035707,-0.7025359209785087,-0.2354137025553941,-1.304620944772616,-2.4519548717919277,-0.426947434935064,-0.7867450236030693,-0.5994210193082466,-0.04454645924042912,-1.6159953678244603,0.0032775688764137365
-0.7870009248103395,-0.2929886958466765,0.12499461170889568,-0.14497660759259112,0.17165711998189706,-0.8740160932334088,-0.6374836327296091,0.37028999049296224,-0.05610057671776021,-0.8311986555041542,-1.2239185220422937,-0.7829882255778639,0.3019679889173074,0.21512168177918156,0.5669673438629667,-0.36551455889516593,0.4040436483935253
1.0979731397755381,1.0503503715450184,-0.9775096436894527,0.6249113177591759,0.41588531056159667,-0.41072024241332633,-1.0980206916876551,-0.5247423267964709,0.5162909460591413,0.8456280581497176,-0.3862254474234547,-0.885052550409917,0.44392947603869065,0.018282636817585154,0.33856552813948027,-0.37967267417664824,-0.1612409565230751
0.7797620640692502,-0.11722977295960987,0.33507750382000057,1.1161119708153826,-0.8440683774845674,-0.39988358073407454,0.015831107724402722,-0.33576311287591554,0.843184374600739,-0.47713633871891103,0.5425913933763082,-0.06347896074892084,0.19186617261946554,-0.4532786721143666,-0.35526166521716035,0.590519614126468,-0.5855183163316239
-0.14596706010645788,0.1067990359995635,-0.7439349982277271,-0.17415803484490644,-0.519481151755737,-0.7913355141945434,-0.472397600771231,-0.09847505677921563,-1.111450752523197,-0.6490216227024453,0.4577886167394883,-0.31316023900827694,0.22534689511096087,-0.8648894872722324,-0.3575370134235346,-0.30272061184957477,-0.32645061526336244
0.29014893946341236,1.378431925025428,-1.1042139556582053,-0.493827204404771,1.8875482493349964,0.7896520304288995,0.04843698673030551,0.5239412752072424,-0.15050050418140737,1.6886845142419746,0.6382168036651296,0.5499713381913821,1.0295121457983312,0.3703892921695485,-0.18838877376208685,0.5962902524479412,0.6892764723508955
0.8791313104827323,-0.6482365371214982,-0.19658066811593894,-1.8156944390780616,1.40531387892717,1.4308536659271336,-1.2208977426972267,-1.4157010131823213,-0.9096470870677363,0.13274460895197204,-0.2733646634133681,-0.41286109710216906,-0.6305959496361275,-0.6221132088828646,0.055752233768219084,-1.086932552727386,0.06555745442587527
0.1374339939893283,-0.8028865711509594,-0.5589602934104899,-0.5323353917720299,-0.5613415492623239,-0.0515992574669947,-0.37374739198410384,0.461203973699891,0.4826296522039991,-0.6718297030780211,-0.33297957635675,-0.9610612399577424,-0.4281679982792774,-0.5224262268221772,0.08278380960573635,-0.04908963588394312,-0.3539951410093538
0.8421853423420952,-0.07499123999890811,-0.12079314625965505,0.4143319423763772,0.7501934606472714,1.5215566086550645,0.11979229341746805,-0.2633984850954731,1.6612557588065107,0.6013086163761285,0.24084780800779476,0.5790652399583718,-0.02802855810258162,-0.7106081639761538,-0.24096397213393358,-0.35383225415120967,-0.5720866916127458
0.17977682168167616,-0.18754218463542163,-0.6564665757082293,-1.6563165988308395,-0.10840038195637337,-0.04543465958907278,-1.075526811821443,-0.8049318025129084,-0.2596820678040836,-0.8477611921293096,-0.481213408436153,-0.2194758345595034,-0.9736210362868473,-1.549665646359234,-0.19614026652403377,-2.260890851939621,-2.1035160161469992
-1.3466143889197342,0.6971155527669924,-0.4257086134496774,-0.660309765513166,-0.9114550719066592,0.044255612049169495,0.4138294549023165,-1.4914257576440442,-1.0103058032930956,0.9119206040791392,-0.8866955291436125,0.29665937479433996,-0.8032865260034283,-0.9584984656483704,-0.7957205065038447,-1.5913534048773892,-0.4203727872397418
-1.002544145428088,-1.2339458641589305,-1.7024054034554716,0.4437912215602647,-1.3391109248380166,-1.0300195838754505,0.6834949705303806,0.3392190166281417,0.8861465970688054,-0.867188019887033,0.7532243077170733,1.028646121970683,-0.42064505753298087,0.11784356916309953,0.27622606062006627,-0.5290996961259075,-0.5260154755679801
-0.15046182311472867,0.6444829589541448,0.08332745179642714,0.9786199135972307,0.17307714075922623,0.20864221647046802,1.8409814689774935,1.8606482853094988,0.2700518987667916,0.6067826033840111,-0.23233856000484268,0.20671503898956362,-0.40914807241350276,1.8542822753356811,-1.0132512845734298,-0.6206277847056164,-0.49904655575975476
-0.7848204428518823,-0.19359557024012627,0.10775960352378544,-0.2388867337318534,-1.0339809562502464,1.2307644161474152,0.9667973564980041,2.543889555024313,1.756441521752852,-0.3655719609208546,-0.95558340793904,1.8128863754551092,0.9988371551784244,-0.1397012048781496,-0.31007964802170757,-0.3441474202074058,-0.17497867772666698
-0.6447585747031092,-0.2697151400934047,0.1577079390232089,0.21612419064852006,0.4432043619648706,-0.07934860365272518,0.9763576700882828,0.45171815590287656,-0.25047331934861156,-0.8100540803943554,-0.1364531578093717,1.6786503535658712,0.8729428287400595,0.24298942544367677,-1.9098091445430712,-1.0360023249610357,-0.9374519181753205
-0.17924410668225974,2.233607680475003,1.64541850780856,0.698505533363217,1.074328141369177,0.09506404330010904,0.4897217720035137,-0.48299572971773397,-0.08691543207705735,0.664279498368181,-1.3486644741781044,1.315878273809323,1.1407280131868835,1.2585181636564677,-0.4338830116429737,-0.7061643741453453,-0.05286692645904035
-0.9685654703185002,-0.5839492792169486,0.0022491124682454226,-1.3524479901517552,-0.5393536946136341,0.04272823702782483,-0.6410726742191575,-0.31318488871817124,-0.9715441845162269,-0.44221973431586054,-0.15954266166704953,0.20702066093012167,-0.09862010397756141,-0.801653163184415,0.4141252879467295,0.36700327845237046,-0.2834773575368629
-0.7776416297981953,-0.9196698815444785,0.01294702925239139,0.05161524610173724,-0.6402327013556063,-0.31445784237208735,0.8113539617376629,-0.5385215638538889,0.6768427362182527,0.9373860103004097,-0.6213064355921827,-0.8951367264865352,0.48724252503841625,0.649058805725159,-0.34917917636727014,0.01322669119109879,0.176604008469546
-0.5082014673903626,-0.727345286292667,-0.30414166630299994,-0.290527154528861,-1.2223804678261962,-0.42924097435845776,0.9384721520606031,0.15336007843491833,0.8448307410520863,0.43418825886785434,1.5040734412578876,0.9441876830177097,1.1831692191170813,-0.4521494142334202,-0.14861262575559694,0.8126432707537342,0.29752305854788325
0.7298662014235244,-0.5622931105552794,-0.7027765999911852,-0.425818834145857,0.04384887308019235,-1.0475061701375388,0.011632694403034638,-0.6114277029944482,-1.4212379721628108,0.600855560328717,0.8159035986708166,-0.4306108218044873,-0.5655243636295852,-0.7546236027493278,-0.6543165122046518,1.2989198608167252,-0.5578272312134187
-0.08996232987931518,-0.566854614731004,0.6305711348145694,0.7317221348940108,0.2988410327302133,-0.4644334780128199,-0.540081842167431,0.5711029408818453,-0.38095175246673424,0.5696681282500028,-0.22001345822376334,-1.0231313336803687,-0.7208748179617979,-0.0798378494943987,0.6286762468840773,1.0693004844050527,-1.0577505476798459
1.3722510492774302,2.5376436313244586,0.11247625649090313,1.439920253754445,0.6555919551000338,0.7028376938320489,1.9407066794868224,0.4799061940632396,1.2591823669295157,0.9964838955496289,0.21777051477231849,1.373921309666965,0.7555162926443854,1.2171382020699955,0.20729598412077477,-0.32030568601488546,-0.056911251413790505
0.18672134472956756,1.4786411628792495,1.1637952474666597,1.0142199604451685,0.8175603943569573,-1.4180156162206592,-0.09432913221859344,-0.9104725475694004,0.481407677927928,0.36632672571190855,0.4090886829018663,0.0640587024963914,0.22217226424942466,1.3392161454191203,0.9755459256554385,0.846866692571329,0.5590689221805555
-1.21688344428841,-1.5330791351449473,-0.029308437557255127,-0.9204951891247585,-1.5906759286032108,-1.4175153475778535,-0.6256216765483303,-1.7479537129273208,0.032181418439999325,-0.5310590897513969,-0.7653865696758192,-1.498372652464445,-0.3700039400337607,-1.603467353506117,0.655101502571715,-0.9623527795529968,-0.6984723952014694
-0.29038627434383624,-0.6843779154054658,-0.5650455469647063,0.19707023348303715,-1.3717074622632093,-1.767241820649277,-1.6254874554222718,-2.507457672691879,0.21253875006365044,0.11718584199113889,0.775965842323708,-1.743664166695875,-0.6951451599233313,-1.257163591240529,1.0154099399436178,-0.036132922343237756,-1.2502791174039884
-0.6066960623801858,0.3856697128986682,0.17088909480806358,-1.1120541338759853,-0.09951877949161055,-0.9874590465348664,-2.095505359388488,-1.0028756011786906,-0.4301451171077899,0.4621628404413934,0.4025232593890509,-0.4996958580585617,0.00999410891984971,-1.7047828555313473,1.0679282930615965,-0.13639255531411143,-0.10623626681897451
-1.408990378094389,-0.7868585131024458,-0.38581028792793165,-1.623891703179801,-1.6757505290046646,-1.07343316736259,-2.146847701876468,-1.760992339701862,-0.335699936381318,-0.10403219460757378,-0.11580437725889409,-1.10515641658126,0.21487820650902936,-2.5632594737123275,-0.58009198376256,-0.7437785709429351,-1.043757545320421
-1.1415388161524818,0.2013463570860431,-0.055904112609800584,0.917328050179436,-0.23898616224626884,0.07920412924081588,-0.18805405595439792,-0.6278667546111593,-0.06761662890163343,0.6876389288328303,-1.371005023506497,-1.175388333198782,-0.5167096978645546,1.1386325347117348,-1.9034633722947378,-1.4342708810913694,-0.30915450727283916
0.8615744648563514,0.17390721585269686,-0.5394570052949134,-0.440671927526779,0.5202343994403315,-1.0214700432373849,-0.9483778023270106,-0.17550736303348763,-0.2899315445823112,-0.9287521553827949,-1.9283897019705958,-0.61666437275483,0.7249512569476352,-0.11006728879065779,-0.13896901207563303,-0.9848597168004877,-0.8861697945977488
0.0874751871156785,0.327676920023474,-0.7425098674532025,-0.3776102049966382,1.1921490186817016,1.0713416076614222,-0.1989341140328518,-0.5182077532142325,-0.8620072042369591,-0.8323862896007094,0.6995944169047319,0.33635653157293965,-0.12928989427471982,-0.8585802420220794,-0.29002122558204196,-0.0688592628808826,0.2104533750005064
-1.133854579716585,-2.0789599998427577,-0.5740735474497966,-1.758291643240785,-0.22580256970423504,0.405705438216835,-1.989919323424788,-1.8670866857462733,-0.7623198622228762,-0.19436483059944207,-1.6351543269550217,-2.1706821534373546,-1.5329742875117116,-2.149986925667614,-1.0115306645034543,-0.6610111505679894,-1.0097862134417437
0.14202536358447504,-0.16552026785609372,0.5328424325598451,0.16106088960908113,1.552892515384487,1.5890887779722631,0.6174250004223474,1.3964040735215235,-0.7395338302922289,-0.6994024633625938,0.1939014983008829,0.6660760840729915,1.9046397444408516,0.8413121752032998,0.2490402075505132,1.3732061620324663,0.6853906621128147
0.17634525934326875,0.010511455723649699,0.03622142924302802,-0.271455841460766,0.3661312492446436,0.8691589995898489,-0.616272151214706,-1.5516991341059467,-1.5223744135091164,0.5731751855960711,-0.48944970227245943,-0.4907710011999758,-1.120923709800811,-0.97534529399879,0.42574096868229544,0.849354651604478,-0.8160423805043856
-1.1794788809080552,-0.548668366017195,-0.4077130763239579,2.039300585071591,-0.8265457743363339,0.8027052883331951,1.2891333910652618,0.11353598956961514,0.05471393939730528,-0.03570854323498495,-0.029579320308685948,0.7188636695554509,-0.6659268803997845,-0.6218833562142235,-0.023518990985077003,-0.1847375497044044,-0.6520106209052756
-0.18547646214350066,0.23270499987415053,-0.74329819999967,0.42206093102517966,-0.025739574291967292,1.13583598135217,1.508981447262485,1.437677161486517,-0.14381940270412227,-0.2215695994782354,-0.8601415890297991,2.4964519231836975,-0.24910015642009825,-0.1970169284609001,-0.9583535826242192,-1.6153376910305426,-0.8874396637421111
0.9043665368657088,-0.39860462348720305,-0.30257116245754323,0.5876642949251354,0.5413485648569292,0.824752482071278,1.4663287979398232,0.4507966822818134,-0.5894026226566487,-0.9813131679442579,-0.7879917942941972,1.425984285070899,-1.4995717915596065,0.924847950094962,0.04528854479097766,-2.0718621246916227,-1.0766395986756763
0.5357980039703825,2.061453689113197,0.7709272710615022,1.2352576490755014,0.36029482683738895,0.9537329381202083,2.1761368443647173,1.4957532716156674,-1.006420475929632,0.8176680383880399,1.3423968447908363,1.942189583313864,0.8736373661959635,1.3250652653072867,1.2286572083993268,1.8535537075545119,-0.2971524647629749
0.25098671662957944,-0.12209443837067983,0.05484235950459617,-0.9834611503034223,-0.05029360122113917,0.580838613708026,-0.6225066617839119,0.1742120642322984,-0.24919092898847492,-0.25844442798516365,1.3785861672737136,0.08662305609765389,-0.1429399242392727,-0.4876454781942533,1.3911215939092316,0.45275289048849593,-0.31406999608947705
1.174401411802569,-0.05881073762843037,1.1003905865675807,-1.039203629943978,0.405460152374956,0.31454837483641884,-0.6921541368115266,0.8149695730381378,-0.9794819689359279,-1.4112341342955155,0.17738024160459423,-1.092838558621307,-0.9956197836876346,-0.12289602114651778,0.5970188409641123,0.7393980731974541,-0.1459447477345861
-0.3216851481937383,-0.783889759311734,0.7539943372827143,-0.6718681675920259,0.2557865425355574,1.4621751280493152,-0.7599564247555847,0.12590987687082264,0.5346824524559186,0.13353572785815424,0.35683694375547487,-0.8521012840336145,-0.2597464592777649,-1.1685049983414166,0.6974559109077174,0.7895411498497878,0.06821374441874554
-0.4175979156146678,-0.5565415567841159,-0.3308607563002518,-0.46902555862956685,-1.1496510323687417,-1.344350822697538,-0.5879763999611327,0.7749233767976857,0.7781595737648114,-0.03207494224702885,0.618691060235121,-0.9384493187304943,-0.9539466465075331,-0.6148731083065595,1.083099442618969,0.6367719902958485,0.27012331002419493
-0.6634271241948483,-1.2373804245418212,-0.4022046336877164,-0.6537046780827215,0.0013633132178263526,-0.5662214286447192,0.23546755616259546,0.9463083549212574,0.08308522988181537,-1.631966437691041,1.0804948836899795,-1.1888172149116536,-0.6323213573369577,0.4219814535576421,-0.11081074258757914,1.2158282722449953,1.6899905189397961
2.0950309310372055,1.0513240897498988,1.034035019740763,0.22465960783049854,1.7309257039763646,0.8061750647556005,0.22456689828414975,0.7782651019632731,0.6061954285307499,-0.05107300822124596,0.7420592834821047,0.5802959851124379,0.5615171740675925,2.5668060856036834,0.5013430268152241,1.3070581612271186,2.392972324375879
1.542503489914099,0.8914617977443049,0.662047887917419,-0.8577221378715534,1.3512010620394428,1.2272623810604555,-0.43484461699876453,0.563376132404906,0.6576061950337213,-0.6380263084938219,0.8254050671771921,0.1710829000279604,-0.5185971973934956,1.4419706107913015,2.1441877893781323,0.6162798620273956,1.45211293325973
0.9815381336918324,0.5076758826437876,0.6435838442431521,1.5093499125946166,0.9373717245318866,1.3247996051930522,1.134032281197224,0.7154508545618402,-0.13108349083295268,-0.05795130532723013,0.8684523567955702,0.8802652283246287,1.093650628473394,0.8527250559519564,0.3857787992491276,1.7661161280615592,2.4209360878350408
0.009056454655767751,-0.2994048363810099,-0.06013746461127037,-1.7128854861597036,-0.13815516924273366,0.2927376626488893,-1.355865050979908,-0.2865869846811412,-1.0060502456530924,-0.3312510560487132,-0.07842045973028465,-0.22806838674973062,-0.4980488647819646,-0.1746342875771046,1.0185163632326284,-0.3853575707338607,0.252451925149854
1.1165197752017526,0.166660935545916,-1.2563553136408987,0.10261654425859183,0.3710166683841515,-1.0230817448500378,-1.2545129411146718,-1.2191379701530343,0.5263393284250063,1.2610768068280829,0.2656484138024161,-0.7426816524165386,-0.11328075767021878,-0.0945348801125324,-0.09784754113841403,-1.2304780119943337,0.40853092189993034
0.5699493160538478,-0.6402477969831231,0.4097848233036682,-0.8300249192898711,-0.2794556465842814,-0.8718920297488703,-1.033078492013309,-0.4762086510047785,0.1755179561435491,1.6794440667669406,0.20548294697516925,-0.9114658805061716,1.0142069646843075,0.10454481280145711,-0.451068265536434,0.9205861478158013,0.1946983874429442
-1.873609892995101,-1.7372287707953393,-0.2962991916018774,0.9362701222714489,-1.8210321188334455,-1.1368344343949766,0.8940514993302209,-0.861374697995914,1.3595409240758785,-1.326711245803581,0.21675904509428628,-1.53344334095881,-1.1222153333343043,-0.6226258461724737,-1.3048186307030785,0.0322025389880578,0.2930828695232003
0.08911212230670625,0.8756537523987002,-0.9478168553052903,2.809410631324396,-0.3402326526069592,-1.4709540463715454,0.04942333786010049,0.5297707426944686,1.0941185874029429,0.3492208391620228,-0.6158815087295675,-0.5183542882768764,-0.0034308938423611344,0.8122786693112727,-1.5537850314616315,-0.5832409986524898,0.420198100879099
-0.3599171236790323,-1.3626148439015646,-0.5153028628898043,2.009314991639685,-1.280497173484499,0.6932330337874199,1.3393157670401723,1.8551986466865296,-0.011585629722516913,-0.5292523451766417,-0.8890992685294534,1.0117903992779844,0.17527805139069716,0.08609203916257671,-0.6141644782224669,-1.3537129798936247,-0.6827716641097962
1.0063822007333785,0.512499560119562,0.4612187392196385,0.9198244638487773,-0.013750438460886793,-0.3912854195941108,1.2111796280843714,0.4706087954561261,-0.5004314596755632,0.4696695062815796,0.3924444391393486,1.5925669004752567,-1.0027296540296657,0.5401956799736707,-1.3388043702828631,-1.4028371628567604,-1.1717066568725896
-0.1497954296016327,-0.8945623368414715,0.958930946112205,0.40900115671952714,-0.737991160872415,-0.07400135279964797,-0.23220034577781096,0.027380039816535647,0.529486615439224,-0.7926217121117024,-0.93304679538837,1.32312231402236,1.323402841888154,-0.12891928645088951,-1.0794103935406985,-0.4380472519797302,-0.32672197399656816
-1.5134168542655169,-0.21714169775522385,-0.7180645790244237,-0.17409899214840413,-0.6472767863157132,0.4793955429460909,0.5595480763000598,0.6249857057557494,-1.6699710605286786,1.6209170657221106,0.525463132444196,0.08319310028183442,0.4905640856444607,-0.3754110897842663,-0.8036459663095985,0.5480181475784835,1.5092780993791848
-0.1779964318811974,-0.2704799541594626,-0.3869593826743814,-1.1632084325924188,0.1361277349527558,0.01690157420631368,-0.9602153720722774,-1.4013584983582954,1.0519735813800244,-1.2603404683393737,-0.17839571185824937,-1.4953561179858734,-1.4587725384571848,-0.30137088698986597,-0.6326728358080136,0.2214313261690086,0.9097647120494864
0.5066456302705522,-0.8246911603952549,0.140879285840853,-2.0161505462737166,-0.183361966744125,0.6575026698907042,-1.292968704174221,-0.46923385893631975,0.8316894097161808,-0.4934575299967463,-0.78345206096497,-0.43978762399048166,0.08950919891285404,-0.9844465278512718,0.35695850508030114,0.9176263977948379,0.9261427824468096
0.28651496414494965,0.7156802496188398,0.2960297071297601,0.904848178531585,0.4993177609478163,0.5628707249698947,1.2011819487785953,0.9132050786157462,0.0798957724752763,1.3147358253461636,0.42603008572470213,0.8737791103464618,1.965454318217622,1.0691928134550783,1.3212409595474655,1.3490121693474268,1.6710849753826373
0.0747568954083461,0.26612992543975356,0.28357254954653505,-0.1770263886673064,0.22428620288568923,-0.2205435389999226,0.3939607611639781,0.6528824269715515,1.1520748173371314,1.5583830517170298,-0.7752514898033541,1.2933907224193968,1.3933667778123306,-0.48949173402036683,-0.9547583963701506,0.2789533685254613,-0.02300524063753408
1.19669107371012,1.759547092614118,1.374079177337259,0.9192157672665296,1.939649026688122,1.7050522515639668,0.6863645240890377,0.8210764552283143,0.31421496341662514,-0.09745044464864513,0.8745759025205088,0.7714328111014577,1.3255110411282156,1.9763508551577427,-0.16337049254803354,0.5297779145009529,1.0646463738019651
-0.1927207168574404,1.289439034250483,0.6837012160012107,0.7388174907734568,0.3995542156069701,-0.6094633609358392,1.0160054902812314,1.4342728231172572,1.5013655135402333,-0.8240332499268648,0.2681245185795922,0.9500380656993809,0.631985497533378,0.5998429773097154,-0.11864876687123817,0.024084100079962086,-1.05413199137065
-0.8820808416795202,-0.9818043677178357,-2.924810733501337,-0.8558835944441346,-0.914448178722974,-1.9146610698800821,-0.23506042561885343,0.0021305933492065045,-0.9120156256012979,0.13656544319426325,0.4275249982001735,-1.1310062648090273,-1.1938904421005034,-0.47691567474502233,-0.9566715806947854,-0.8612001889760865,-1.0005232713974848
0.7112260505770654,0.6510855323705912,-0.13275317195556827,-0.10723839149500378,0.5985390183510616,0.5802187860933731,0.5584664182436366,-0.7720270454901474,-0.3832739785491441,0.4905619728944263,0.17065416035683348,-0.23881195229891722,0.18048025177444685,-0.37183362766262174,0.12359175291780514,-0.2674745659524985,0.1583903102875526
2.6998690196225015,2.4159984347976646,1.0315142978730771,-0.4868058826774346,2.6952591370709187,0.4336689607613966,0.18778501240218362,-0.0704435747103862,-0.22612044637447506,1.9182641013535924,1.5674462769860928,0.082249094842608,1.036203948489297,1.3793172709310437,2.7495493704978102,1.9414717759777418,1.7606437781160336
1.679829826028106,1.6815943534495836,1.278122454420473,1.0652970159069053,0.749265272306716,-0.20693633369017678,1.2505540621474107,0.25078226689082606,0.42105918366427164,0.33520535988165084,0.8106377561718486,0.28399373193760846,0.39631917680932305,2.0871353237729084,1.4476681973825405,1.1545025816722514,1.1509792688541045
-0.6293857965935213,-0.5369215291551408,-0.1712970921183529,-0.9466207189701212,-1.264009055349896,-1.1642572915202252,-0.6235834924630829,-0.6961959488722428,0.6168466533151938,1.645422223272352,-0.5245755226513682,-0.6552149785941804,-0.7556312553032701,0.840407801684547,-0.4088863505071557,-0.6635603393812062,0.782662337598579
0.6185828363534579,1.7783386544898416,1.0309379467044502,0.24214888542884067,1.0656107468850282,-0.10320312393123479,1.0981758582575087,0.14501181059318952,-0.05950064033945417,1.2799988984756585,-1.152449661238153,1.017904788531617,1.080155095425052,1.375594491098241,0.5167734945255121,0.7498220307595451,2.9431266852796254
0.6492682529506146,0.25566108988740666,-0.8891509909678933,-0.5769527065219786,0.0649907536008926,-2.7012564693729297,-1.6269384112290146,-1.3066582587587339,-0.34167846074965175,-0.6218117160729901,-0.7399556897445658,-1.5193016999349354,-1.0919605508783095,0.03764020916996106,-0.5016064623707143,-2.0528802834597633,-1.5410870103036467
0.8112014373371357,0.4332076626286844,0.7007652832798777,1.4078248581294932,0.1599603064444875,1.0626109351047146,0.9501282547174768,0.80369737408349,0.42626377691603407,-0.44951671681096617,-0.6099281806936662,0.26509247474292236,-0.7123755680747234,1.5360299378952964,0.055285057272823235,-0.5128306587268857,-0.11736290680199978
0.7549072859376383,0.5654736944481292,0.013625517154995864,-0.05937186833772121,0.5630885773766043,-0.28796975982168843,-0.962445173732105,0.5596828987066721,0.4295592455962845,0.5140648174895561,1.9942162341979142,-0.12857479822206255,0.03118058918428005,1.6735078447219527,0.9600952312365871,1.3434514790217649,-0.35490912447881745
-0.24888104403678504,-1.356857919388576,0.7985155941197586,-0.715681539647995,-0.6523472404883999,-0.23943224350500747,-0.648287020631512,-0.20049088172238835,-0.08246418744170021,-1.3134344063666692,-1.744675130828957,-1.1395107173466268,-0.1336548078687876,-0.15132629843222184,-0.5494607483372469,-0.10492810613692286,-0.21976288966444602
-0.7354119379819976,0.8566551207886585,-0.6428674531545434,1.0248525462686746,-0.5440551108850592,-1.2033638317701991,-0.050182223949618875,-0.7732950304839529,-0.04967643962830867,-0.22077395639467232,0.07896616348474036,0.3621190520656207,0.212689519179301,0.21825192714458094,1.0575828898814783,-0.14120772045786062,-0.47246764190831125
-0.25845589556403953,1.4783180298259258,-0.08008033318477935,0.942452747769878,0.3170548475997475,-0.3127150168683948,0.29015790502927746,0.9492017923751855,-0.16002117867061635,-1.2547044126897229,-0.3408155087275437,-0.03182120515220056,0.9314650478052907,-0.4717876876305431,0.537239510658399,1.8026056747542532,0.8144840507714576
0.9189430307545962,0.6053545841215968,-1.3308557286998988,1.0445103933793163,1.134721786535775,-0.6569673651818523,1.5476456646065846,1.6874998530359946,-0.6549148112236084,-0.1846092514602697,1.081888962046419,0.658361726372043,-0.05664341581985576,0.6186932195942892,0.36075079186843656,-0.2261146604942909,-0.39812887148211623
-0.39152871889410323,-0.5917282874388602,0.5924875494564166,-0.8868449677647829,-0.3467439999716539,1.4081007467993458,0.7228453204327452,0.6548995541870867,0.6238515587058991,-0.7420821182497791,1.5351625898178551,1.2905287849999647,-0.36388573347743686,-0.9991577495527622,0.18946190753776182,-0.18351423777659903,-0.4274443627769775
-1.289344490763632,-0.8177982684033019,-0.7674093000115423,-1.5543882953649923,-0.2740927441558381,-0.47791380597527067,-1.8263479946242591,-0.9555302047687798,-1.9029051447023104,-0.8952422617724164,-0.2432274641825155,-1.3619037025274086,-1.8658692684716092,-0.8711596749692734,-0.8937780516056284,-1.3929609171556383,-1.5139199946552244
-1.325388039394219,-2.8860881953913973,-1.6198122801156034,-3.037228240927168,-1.250098058109539,-0.4937167035319568,-2.4204029298716954,-1.4565254542994825,-2.243647964026293,-1.490121279536616,-0.5068207269820422,-3.1087693332850512,-2.089994017023092,-2.7898578599439157,-0.7762855431304158,-1.5855836121935218,-1.4768864292905706
0.1861282002984899,-0.16995986383960432,1.7761044463525624,0.650658324615616,1.623900853816642,2.4310576851150545,-0.15233417023062068,-0.5004742780278287,1.1845490585295253,0.2169703442451405,2.1392015731360274,1.1927204623167134,0.41329948283717816,-0.25644762575447616,1.1497210114923169,2.717576652265123,0.6312816513107395
0.3018348236990543,-1.4632483114448873,-0.021542691134978656,-0.6067241348609896,-1.160589740888072,0.23068003316178498,-0.5610977297925953,-0.44371322300180643,-1.1489910410122803,-0.6683779104955078,-1.260161144941341,0.39631445162488793,-0.087874096871133,-1.5202331905083768,-1.894763541969642,-1.0078304092778525,-0.6443380069293705
-1.0715502217425232,-0.5623501943766848,-0.41381034200997485,-0.04066886537052506,-0.48687139769062854,1.1660087139996074,0.3345691902755171,-0.3163314752163035,0.30761612278547495,-2.115663416948413,-0.6433895127173002,-0.4934640693951707,-1.2695277863097358,-0.8744014272010205,-1.3366276438515814,-1.2775337045018773,-1.3511484544072776
-1.1596418268123254,0.42350826731654984,-0.3594011495394995,1.382435415651916,-0.624462641494031,0.4884863020872479,1.3069390663478386,0.9891069523885325,-1.2422478502202574,0.33326049124019314,-0.21988193035393114,1.2225946455698107,0.7108829383473164,-0.19299498683757438,-2.3923834669456583,-0.6190124007494644,-0.6663715236087201
-1.3366426493212085,-0.7600230881960174,-0.9333679482813696,-0.6983108117496947,-1.2033926208137948,-0.5109678942135822,0.1512966096987428,-0.17271983024376028,1.6351019180078243,0.4998138730784927,-1.0092243481002647,0.03484683093970031,0.001047899382937091,-0.7183837207640025,-1.5575335807484838,-1.8165897783040426,-1.2583884350699575
-0.4499801366587692,0.09972223520619122,1.7149523199920411,0.9692585476485901,-0.41493580564569293,1.6250604896950633,0.21208197794013361,-0.39606252788070756,1.3877070058444567,-0.30338217579752746,-1.4172121657524936,1.9943416756539,0.6604239156604422,-0.025943369799098236,1.3340941260907189,-0.4764156960711939,-0.04924405444442186
-0.4781601054523456,-0.6413536036121019,-1.5866117788006473,-0.8167053167085441,-0.10943857657260478,-0.7421387165997141,-0.8541511034095728,-1.0034203466200202,-0.5824170031077356,2.6528206740879754,-0.0016978557496732992,-1.094263212289995,0.32978726933285807,0.2849239088355076,1.403882097333789,0.08256173276427851,-0.3215255924130409
0.04213918724001753,0.28714605139063565,0.9804020983603915,0.5927577199967695,-0.22709175450939134,-1.3889712549176112,0.06919948406137179,-0.637108395685862,-0.10044712532100801,1.0257581950917345,-0.054728075072115,-0.24732617267034257,1.4578978528050701,-1.3324172983684204,1.2716337862429397,1.0411341246550727,-0.2532665221170662
